"","Description","Native","BigBytes","R_Encoding","Bytes","Spaced.Bytes"
"1","AERIAL TRAMWAY ","🚡","F0 9F 9A A1","<ed><a0><bd><ed><ba><a1>","f0 9f 9a a1","f0 9f 9a a1"
"2","AIRPLANE ","✈","E2 9C 88","<e2><9c><88>","e2 9c 88","e2 9c 88"
"3","ALARM CLOCK ","⏰","E2 8F B0","<e2><8f><b0>","e2 8f b0","e2 8f b0"
"4","ALIEN MONSTER ","👾","F0 9F 91 BE","<ed><a0><bd><ed><b1><be>","f0 9f 91 be","f0 9f 91 be"
"5","AMBULANCE ","🚑","F0 9F 9A 91","<ed><a0><bd><ed><ba><91>","f0 9f 9a 91","f0 9f 9a 91"
"6","AMERICAN FOOTBALL ","🏈","F0 9F 8F 88","<ed><a0><bc><ed><bf><88>","f0 9f 8f 88","f0 9f 8f 88"
"7","ANCHOR ","⚓","E2 9A 93","<e2><9a><93>","e2 9a 93","e2 9a 93"
"8","ANGER SYMBOL ","💢","F0 9F 92 A2","<ed><a0><bd><ed><b2><a2>","f0 9f 92 a2","f0 9f 92 a2"
"9","ANGRY FACE ","😠","F0 9F 98 A0","<ed><a0><bd><ed><b8><a0>","f0 9f 98 a0","f0 9f 98 a0"
"10","ANGUISHED FACE ","😧","F0 9F 98 A7","<ed><a0><bd><ed><b8><a7>","f0 9f 98 a7","f0 9f 98 a7"
"11","ANT ","🐜","F0 9F 90 9C","<ed><a0><bd><ed><b0><9c>","f0 9f 90 9c","f0 9f 90 9c"
"12","ANTENNA WITH BARS ","📶","F0 9F 93 B6","<ed><a0><bd><ed><b3><b6>","f0 9f 93 b6","f0 9f 93 b6"
"13","ANTICLOCKWISE DOWNWARDS AND UPWARDS OPEN CIRCLE ARROWS ","🔄","F0 9F 94 84","<ed><a0><bd><ed><b4><84>","f0 9f 94 84","f0 9f 94 84"
"14","AQUARIUS ","♒","E2 99 92","<e2><99><92>","e2 99 92","e2 99 92"
"15","ARIES ","♈","E2 99 88","<e2><99><88>","e2 99 88","e2 99 88"
"16","ARROW POINTING RIGHTWARDS THEN CURVING DOWNWARDS ","⤵","E2 A4 B5","<e2><a4><b5>","e2 a4 b5","e2 a4 b5"
"17","ARROW POINTING RIGHTWARDS THEN CURVING UPWARDS ","⤴","E2 A4 B4","<e2><a4><b4>","e2 a4 b4","e2 a4 b4"
"18","ARTICULATED LORRY ","🚛","F0 9F 9A 9B","<ed><a0><bd><ed><ba><9b>","f0 9f 9a 9b","f0 9f 9a 9b"
"19","ARTIST PALETTE ","🎨","F0 9F 8E A8","<ed><a0><bc><ed><be><a8>","f0 9f 8e a8","f0 9f 8e a8"
"20","ASTONISHED FACE ","😲","F0 9F 98 B2","<ed><a0><bd><ed><b8><b2>","f0 9f 98 b2","f0 9f 98 b2"
"21","ATHLETIC SHOE ","👟","F0 9F 91 9F","<ed><a0><bd><ed><b1><9f>","f0 9f 91 9f","f0 9f 91 9f"
"22","AUBERGINE ","🍆","F0 9F 8D 86","<ed><a0><bc><ed><bd><86>","f0 9f 8d 86","f0 9f 8d 86"
"23","AUTOMATED TELLER MACHINE ","🏧","F0 9F 8F A7","<ed><a0><bc><ed><bf><a7>","f0 9f 8f a7","f0 9f 8f a7"
"24","AUTOMOBILE ","🚗","F0 9F 9A 97","<ed><a0><bd><ed><ba><97>","f0 9f 9a 97","f0 9f 9a 97"
"25","BABY ","👶","F0 9F 91 B6","<ed><a0><bd><ed><b1><b6>","f0 9f 91 b6","f0 9f 91 b6"
"26","BABY ANGEL ","👼","F0 9F 91 BC","<ed><a0><bd><ed><b1><bc>","f0 9f 91 bc","f0 9f 91 bc"
"27","BABY BOTTLE ","🍼","F0 9F 8D BC","<ed><a0><bc><ed><bd><bc>","f0 9f 8d bc","f0 9f 8d bc"
"28","BABY CHICK ","🐤","F0 9F 90 A4","<ed><a0><bd><ed><b0><a4>","f0 9f 90 a4","f0 9f 90 a4"
"29","BABY SYMBOL ","🚼","F0 9F 9A BC","<ed><a0><bd><ed><ba><bc>","f0 9f 9a bc","f0 9f 9a bc"
"30","BACK WITH LEFTWARDS ARROW ABOVE ","🔙","F0 9F 94 99","<ed><a0><bd><ed><b4><99>","f0 9f 94 99","f0 9f 94 99"
"31","BACTRIAN CAMEL ","🐫","F0 9F 90 AB","<ed><a0><bd><ed><b0><ab>","f0 9f 90 ab","f0 9f 90 ab"
"32","BAGGAGE CLAIM ","🛄","F0 9F 9B 84","<ed><a0><bd><ed><bb><84>","f0 9f 9b 84","f0 9f 9b 84"
"33","BALLOON ","🎈","F0 9F 8E 88","<ed><a0><bc><ed><be><88>","f0 9f 8e 88","f0 9f 8e 88"
"34","BALLOT BOX WITH CHECK ","☑","E2 98 91","<e2><98><91>","e2 98 91","e2 98 91"
"35","BANANA ","🍌","F0 9F 8D 8C","<ed><a0><bc><ed><bd><8c>","f0 9f 8d 8c","f0 9f 8d 8c"
"36","BANK ","🏦","F0 9F 8F A6","<ed><a0><bc><ed><bf><a6>","f0 9f 8f a6","f0 9f 8f a6"
"37","BANKNOTE WITH DOLLAR SIGN ","💵","F0 9F 92 B5","<ed><a0><bd><ed><b2><b5>","f0 9f 92 b5","f0 9f 92 b5"
"38","BANKNOTE WITH EURO SIGN ","💶","F0 9F 92 B6","<ed><a0><bd><ed><b2><b6>","f0 9f 92 b6","f0 9f 92 b6"
"39","BANKNOTE WITH POUND SIGN ","💷","F0 9F 92 B7","<ed><a0><bd><ed><b2><b7>","f0 9f 92 b7","f0 9f 92 b7"
"40","BANKNOTE WITH YEN SIGN ","💴","F0 9F 92 B4","<ed><a0><bd><ed><b2><b4>","f0 9f 92 b4","f0 9f 92 b4"
"41","BAR CHART ","📊","F0 9F 93 8A","<ed><a0><bd><ed><b3><8a>","f0 9f 93 8a","f0 9f 93 8a"
"42","BARBER POLE ","💈","F0 9F 92 88","<ed><a0><bd><ed><b2><88>","f0 9f 92 88","f0 9f 92 88"
"43","BASEBALL ","⚾","E2 9A BE","<e2><9a><be>","e2 9a be","e2 9a be"
"44","BASKETBALL AND HOOP ","🏀","F0 9F 8F 80","<ed><a0><bc><ed><bf><80>","f0 9f 8f 80","f0 9f 8f 80"
"45","BATH ","🛀","F0 9F 9B 80","<ed><a0><bd><ed><bb><80>","f0 9f 9b 80","f0 9f 9b 80"
"46","BATHTUB ","🛁","F0 9F 9B 81","<ed><a0><bd><ed><bb><81>","f0 9f 9b 81","f0 9f 9b 81"
"47","BATTERY ","🔋","F0 9F 94 8B","<ed><a0><bd><ed><b4><8b>","f0 9f 94 8b","f0 9f 94 8b"
"48","BEAR FACE ","🐻","F0 9F 90 BB","<ed><a0><bd><ed><b0><bb>","f0 9f 90 bb","f0 9f 90 bb"
"49","BEATING HEART ","💓","F0 9F 92 93","<ed><a0><bd><ed><b2><93>","f0 9f 92 93","f0 9f 92 93"
"50","BEER MUG ","🍺","F0 9F 8D BA","<ed><a0><bc><ed><bd><ba>","f0 9f 8d ba","f0 9f 8d ba"
"51","BELL ","🔔","F0 9F 94 94","<ed><a0><bd><ed><b4><94>","f0 9f 94 94","f0 9f 94 94"
"52","BELL WITH CANCELLATION STROKE ","🔕","F0 9F 94 95","<ed><a0><bd><ed><b4><95>","f0 9f 94 95","f0 9f 94 95"
"53","BENTO BOX ","🍱","F0 9F 8D B1","<ed><a0><bc><ed><bd><b1>","f0 9f 8d b1","f0 9f 8d b1"
"54","BICYCLE ","🚲","F0 9F 9A B2","<ed><a0><bd><ed><ba><b2>","f0 9f 9a b2","f0 9f 9a b2"
"55","BICYCLIST ","🚴","F0 9F 9A B4","<ed><a0><bd><ed><ba><b4>","f0 9f 9a b4","f0 9f 9a b4"
"56","BIKINI ","👙","F0 9F 91 99","<ed><a0><bd><ed><b1><99>","f0 9f 91 99","f0 9f 91 99"
"57","BILLIARDS ","🎱","F0 9F 8E B1","<ed><a0><bc><ed><be><b1>","f0 9f 8e b1","f0 9f 8e b1"
"58","BIRD ","🐦","F0 9F 90 A6","<ed><a0><bd><ed><b0><a6>","f0 9f 90 a6","f0 9f 90 a6"
"59","BIRTHDAY CAKE ","🎂","F0 9F 8E 82","<ed><a0><bc><ed><be><82>","f0 9f 8e 82","f0 9f 8e 82"
"60","BLACK CLUB SUIT ","♣","E2 99 A3","<e2><99><a3>","e2 99 a3","e2 99 a3"
"61","BLACK DIAMOND SUIT ","♦","E2 99 A6","<e2><99><a6>","e2 99 a6","e2 99 a6"
"62","BLACK DOWN-POINTING DOUBLE TRIANGLE ","⏬","E2 8F AC","<e2><8f><ac>","e2 8f ac","e2 8f ac"
"63","BLACK HEART SUIT ","♥","E2 99 A5","<e2><99><a5>","e2 99 a5","e2 99 a5"
"64","BLACK LARGE SQUARE ","⬛","E2 AC 9B","<e2><ac><9b>","e2 ac 9b","e2 ac 9b"
"65","BLACK LEFT-POINTING DOUBLE TRIANGLE ","⏪","E2 8F AA","<e2><8f><aa>","e2 8f aa","e2 8f aa"
"66","BLACK LEFT-POINTING TRIANGLE ","◀","E2 97 80","<e2><97><80>","e2 97 80","e2 97 80"
"67","BLACK MEDIUM SMALL SQUARE ","◾","E2 97 BE","<e2><97><be>","e2 97 be","e2 97 be"
"68","BLACK MEDIUM SQUARE ","◼","E2 97 BC","<e2><97><bc>","e2 97 bc","e2 97 bc"
"69","BLACK NIB ","✒","E2 9C 92","<e2><9c><92>","e2 9c 92","e2 9c 92"
"70","BLACK QUESTION MARK ORNAMENT ","❓","E2 9D 93","<e2><9d><93>","e2 9d 93","e2 9d 93"
"71","BLACK RIGHT-POINTING DOUBLE TRIANGLE ","⏩","E2 8F A9","<e2><8f><a9>","e2 8f a9","e2 8f a9"
"72","BLACK RIGHT-POINTING TRIANGLE ","▶","E2 96 B6","<e2><96><b6>","e2 96 b6","e2 96 b6"
"73","BLACK RIGHTWARDS ARROW ","➡","E2 9E A1","<e2><9e><a1>","e2 9e a1","e2 9e a1"
"74","BLACK SCISSORS ","✂","E2 9C 82","<e2><9c><82>","e2 9c 82","e2 9c 82"
"75","BLACK SMALL SQUARE ","▪","E2 96 AA","<e2><96><aa>","e2 96 aa","e2 96 aa"
"76","BLACK SPADE SUIT ","♠","E2 99 A0","<e2><99><a0>","e2 99 a0","e2 99 a0"
"77","BLACK SQUARE BUTTON ","🔲","F0 9F 94 B2","<ed><a0><bd><ed><b4><b2>","f0 9f 94 b2","f0 9f 94 b2"
"78","BLACK SUN WITH RAYS ","☀","E2 98 80","<e2><98><80>","e2 98 80","e2 98 80"
"79","BLACK TELEPHONE ","☎","E2 98 8E","<e2><98><8e>","e2 98 8e","e2 98 8e"
"80","BLACK UNIVERSAL RECYCLING SYMBOL ","♻","E2 99 BB","<e2><99><bb>","e2 99 bb","e2 99 bb"
"81","BLACK UP-POINTING DOUBLE TRIANGLE ","⏫","E2 8F AB","<e2><8f><ab>","e2 8f ab","e2 8f ab"
"82","BLOSSOM ","🌼","F0 9F 8C BC","<ed><a0><bc><ed><bc><bc>","f0 9f 8c bc","f0 9f 8c bc"
"83","BLOWFISH ","🐡","F0 9F 90 A1","<ed><a0><bd><ed><b0><a1>","f0 9f 90 a1","f0 9f 90 a1"
"84","BLUE BOOK ","📘","F0 9F 93 98","<ed><a0><bd><ed><b3><98>","f0 9f 93 98","f0 9f 93 98"
"85","BLUE HEART ","💙","F0 9F 92 99","<ed><a0><bd><ed><b2><99>","f0 9f 92 99","f0 9f 92 99"
"86","BOAR ","🐗","F0 9F 90 97","<ed><a0><bd><ed><b0><97>","f0 9f 90 97","f0 9f 90 97"
"87","BOMB ","💣","F0 9F 92 A3","<ed><a0><bd><ed><b2><a3>","f0 9f 92 a3","f0 9f 92 a3"
"88","BOOKMARK ","🔖","F0 9F 94 96","<ed><a0><bd><ed><b4><96>","f0 9f 94 96","f0 9f 94 96"
"89","BOOKMARK TABS ","📑","F0 9F 93 91","<ed><a0><bd><ed><b3><91>","f0 9f 93 91","f0 9f 93 91"
"90","BOOKS ","📚","F0 9F 93 9A","<ed><a0><bd><ed><b3><9a>","f0 9f 93 9a","f0 9f 93 9a"
"91","BOUQUET ","💐","F0 9F 92 90","<ed><a0><bd><ed><b2><90>","f0 9f 92 90","f0 9f 92 90"
"92","BOWLING ","🎳","F0 9F 8E B3","<ed><a0><bc><ed><be><b3>","f0 9f 8e b3","f0 9f 8e b3"
"93","BOY ","👦","F0 9F 91 A6","<ed><a0><bd><ed><b1><a6>","f0 9f 91 a6","f0 9f 91 a6"
"94","BREAD ","🍞","F0 9F 8D 9E","<ed><a0><bc><ed><bd><9e>","f0 9f 8d 9e","f0 9f 8d 9e"
"95","BRIDE WITH VEIL ","👰","F0 9F 91 B0","<ed><a0><bd><ed><b1><b0>","f0 9f 91 b0","f0 9f 91 b0"
"96","BRIDGE AT NIGHT ","🌉","F0 9F 8C 89","<ed><a0><bc><ed><bc><89>","f0 9f 8c 89","f0 9f 8c 89"
"97","BRIEFCASE ","💼","F0 9F 92 BC","<ed><a0><bd><ed><b2><bc>","f0 9f 92 bc","f0 9f 92 bc"
"98","BROKEN HEART ","💔","F0 9F 92 94","<ed><a0><bd><ed><b2><94>","f0 9f 92 94","f0 9f 92 94"
"99","BUG ","🐛","F0 9F 90 9B","<ed><a0><bd><ed><b0><9b>","f0 9f 90 9b","f0 9f 90 9b"
"100","BUS ","🚌","F0 9F 9A 8C","<ed><a0><bd><ed><ba><8c>","f0 9f 9a 8c","f0 9f 9a 8c"
"101","BUS STOP ","🚏","F0 9F 9A 8F","<ed><a0><bd><ed><ba><8f>","f0 9f 9a 8f","f0 9f 9a 8f"
"102","BUST IN SILHOUETTE ","👤","F0 9F 91 A4","<ed><a0><bd><ed><b1><a4>","f0 9f 91 a4","f0 9f 91 a4"
"103","BUSTS IN SILHOUETTE ","👥","F0 9F 91 A5","<ed><a0><bd><ed><b1><a5>","f0 9f 91 a5","f0 9f 91 a5"
"104","CACTUS ","🌵","F0 9F 8C B5","<ed><a0><bc><ed><bc><b5>","f0 9f 8c b5","f0 9f 8c b5"
"105","CALENDAR ","📅","F0 9F 93 85","<ed><a0><bd><ed><b3><85>","f0 9f 93 85","f0 9f 93 85"
"106","CAMERA ","📷","F0 9F 93 B7","<ed><a0><bd><ed><b3><b7>","f0 9f 93 b7","f0 9f 93 b7"
"107","CANCER ","♋","E2 99 8B","<e2><99><8b>","e2 99 8b","e2 99 8b"
"108","CANDY ","🍬","F0 9F 8D AC","<ed><a0><bc><ed><bd><ac>","f0 9f 8d ac","f0 9f 8d ac"
"109","CAPRICORN ","♑","E2 99 91","<e2><99><91>","e2 99 91","e2 99 91"
"110","CARD INDEX ","📇","F0 9F 93 87","<ed><a0><bd><ed><b3><87>","f0 9f 93 87","f0 9f 93 87"
"111","CAROUSEL HORSE ","🎠","F0 9F 8E A0","<ed><a0><bc><ed><be><a0>","f0 9f 8e a0","f0 9f 8e a0"
"112","CARP STREAMER ","🎏","F0 9F 8E 8F","<ed><a0><bc><ed><be><8f>","f0 9f 8e 8f","f0 9f 8e 8f"
"113","CAT ","🐈","F0 9F 90 88","<ed><a0><bd><ed><b0><88>","f0 9f 90 88","f0 9f 90 88"
"114","CAT FACE ","🐱","F0 9F 90 B1","<ed><a0><bd><ed><b0><b1>","f0 9f 90 b1","f0 9f 90 b1"
"115","CAT FACE WITH TEARS OF JOY ","😹","F0 9F 98 B9","<ed><a0><bd><ed><b8><b9>","f0 9f 98 b9","f0 9f 98 b9"
"116","CAT FACE WITH WRY SMILE ","😼","F0 9F 98 BC","<ed><a0><bd><ed><b8><bc>","f0 9f 98 bc","f0 9f 98 bc"
"117","CHART WITH DOWNWARDS TREND ","📉","F0 9F 93 89","<ed><a0><bd><ed><b3><89>","f0 9f 93 89","f0 9f 93 89"
"118","CHART WITH UPWARDS TREND ","📈","F0 9F 93 88","<ed><a0><bd><ed><b3><88>","f0 9f 93 88","f0 9f 93 88"
"119","CHART WITH UPWARDS TREND AND YEN SIGN ","💹","F0 9F 92 B9","<ed><a0><bd><ed><b2><b9>","f0 9f 92 b9","f0 9f 92 b9"
"120","CHEERING MEGAPHONE ","📣","F0 9F 93 A3","<ed><a0><bd><ed><b3><a3>","f0 9f 93 a3","f0 9f 93 a3"
"121","CHEQUERED FLAG ","🏁","F0 9F 8F 81","<ed><a0><bc><ed><bf><81>","f0 9f 8f 81","f0 9f 8f 81"
"122","CHERRIES ","🍒","F0 9F 8D 92","<ed><a0><bc><ed><bd><92>","f0 9f 8d 92","f0 9f 8d 92"
"123","CHERRY BLOSSOM ","🌸","F0 9F 8C B8","<ed><a0><bc><ed><bc><b8>","f0 9f 8c b8","f0 9f 8c b8"
"124","CHESTNUT ","🌰","F0 9F 8C B0","<ed><a0><bc><ed><bc><b0>","f0 9f 8c b0","f0 9f 8c b0"
"125","CHICKEN ","🐔","F0 9F 90 94","<ed><a0><bd><ed><b0><94>","f0 9f 90 94","f0 9f 90 94"
"126","CHILDREN CROSSING ","🚸","F0 9F 9A B8","<ed><a0><bd><ed><ba><b8>","f0 9f 9a b8","f0 9f 9a b8"
"127","CHOCOLATE BAR ","🍫","F0 9F 8D AB","<ed><a0><bc><ed><bd><ab>","f0 9f 8d ab","f0 9f 8d ab"
"128","CHRISTMAS TREE ","🎄","F0 9F 8E 84","<ed><a0><bc><ed><be><84>","f0 9f 8e 84","f0 9f 8e 84"
"129","CHURCH ","⛪","E2 9B AA","<e2><9b><aa>","e2 9b aa","e2 9b aa"
"130","CINEMA ","🎦","F0 9F 8E A6","<ed><a0><bc><ed><be><a6>","f0 9f 8e a6","f0 9f 8e a6"
"131","CIRCLED IDEOGRAPH ACCEPT ","🉑","F0 9F 89 91","<ed><a0><bc><ed><b9><91>","f0 9f 89 91","f0 9f 89 91"
"132","CIRCLED IDEOGRAPH ADVANTAGE ","🉐","F0 9F 89 90","<ed><a0><bc><ed><b9><90>","f0 9f 89 90","f0 9f 89 90"
"133","CIRCLED IDEOGRAPH CONGRATULATION ","㊗","E3 8A 97","<e3><8a><97>","e3 8a 97","e3 8a 97"
"134","CIRCLED IDEOGRAPH SECRET ","㊙","E3 8A 99","<e3><8a><99>","e3 8a 99","e3 8a 99"
"135","CIRCLED LATIN CAPITAL LETTER M ","Ⓜ","E2 93 82","<e2><93><82>","e2 93 82","e2 93 82"
"136","CIRCUS TENT ","🎪","F0 9F 8E AA","<ed><a0><bc><ed><be><aa>","f0 9f 8e aa","f0 9f 8e aa"
"137","CITYSCAPE AT DUSK ","🌆","F0 9F 8C 86","<ed><a0><bc><ed><bc><86>","f0 9f 8c 86","f0 9f 8c 86"
"138","CLAPPER BOARD ","🎬","F0 9F 8E AC","<ed><a0><bc><ed><be><ac>","f0 9f 8e ac","f0 9f 8e ac"
"139","CLAPPING HANDS SIGN ","👏","F0 9F 91 8F","<ed><a0><bd><ed><b1><8f>","f0 9f 91 8f","f0 9f 91 8f"
"140","CLINKING BEER MUGS ","🍻","F0 9F 8D BB","<ed><a0><bc><ed><bd><bb>","f0 9f 8d bb","f0 9f 8d bb"
"141","CLIPBOARD ","📋","F0 9F 93 8B","<ed><a0><bd><ed><b3><8b>","f0 9f 93 8b","f0 9f 93 8b"
"142","CLOCK FACE EIGHT OCLOCK ","🕗","F0 9F 95 97","<ed><a0><bd><ed><b5><97>","f0 9f 95 97","f0 9f 95 97"
"143","CLOCK FACE EIGHT-THIRTY ","🕣","F0 9F 95 A3","<ed><a0><bd><ed><b5><a3>","f0 9f 95 a3","f0 9f 95 a3"
"144","CLOCK FACE ELEVEN OCLOCK ","🕚","F0 9F 95 9A","<ed><a0><bd><ed><b5><9a>","f0 9f 95 9a","f0 9f 95 9a"
"145","CLOCK FACE ELEVEN-THIRTY ","🕦","F0 9F 95 A6","<ed><a0><bd><ed><b5><a6>","f0 9f 95 a6","f0 9f 95 a6"
"146","CLOCK FACE FIVE OCLOCK ","🕔","F0 9F 95 94","<ed><a0><bd><ed><b5><94>","f0 9f 95 94","f0 9f 95 94"
"147","CLOCK FACE FIVE-THIRTY ","🕠","F0 9F 95 A0","<ed><a0><bd><ed><b5><a0>","f0 9f 95 a0","f0 9f 95 a0"
"148","CLOCK FACE FOUR OCLOCK ","🕓","F0 9F 95 93","<ed><a0><bd><ed><b5><93>","f0 9f 95 93","f0 9f 95 93"
"149","CLOCK FACE FOUR-THIRTY ","🕟","F0 9F 95 9F","<ed><a0><bd><ed><b5><9f>","f0 9f 95 9f","f0 9f 95 9f"
"150","CLOCK FACE NINE OCLOCK ","🕘","F0 9F 95 98","<ed><a0><bd><ed><b5><98>","f0 9f 95 98","f0 9f 95 98"
"151","CLOCK FACE NINE-THIRTY ","🕤","F0 9F 95 A4","<ed><a0><bd><ed><b5><a4>","f0 9f 95 a4","f0 9f 95 a4"
"152","CLOCK FACE ONE OCLOCK ","🕐","F0 9F 95 90","<ed><a0><bd><ed><b5><90>","f0 9f 95 90","f0 9f 95 90"
"153","CLOCK FACE ONE-THIRTY ","🕜","F0 9F 95 9C","<ed><a0><bd><ed><b5><9c>","f0 9f 95 9c","f0 9f 95 9c"
"154","CLOCK FACE SEVEN OCLOCK ","🕖","F0 9F 95 96","<ed><a0><bd><ed><b5><96>","f0 9f 95 96","f0 9f 95 96"
"155","CLOCK FACE SEVEN-THIRTY ","🕢","F0 9F 95 A2","<ed><a0><bd><ed><b5><a2>","f0 9f 95 a2","f0 9f 95 a2"
"156","CLOCK FACE SIX OCLOCK ","🕕","F0 9F 95 95","<ed><a0><bd><ed><b5><95>","f0 9f 95 95","f0 9f 95 95"
"157","CLOCK FACE SIX-THIRTY ","🕡","F0 9F 95 A1","<ed><a0><bd><ed><b5><a1>","f0 9f 95 a1","f0 9f 95 a1"
"158","CLOCK FACE TEN OCLOCK ","🕙","F0 9F 95 99","<ed><a0><bd><ed><b5><99>","f0 9f 95 99","f0 9f 95 99"
"159","CLOCK FACE TEN-THIRTY ","🕥","F0 9F 95 A5","<ed><a0><bd><ed><b5><a5>","f0 9f 95 a5","f0 9f 95 a5"
"160","CLOCK FACE THREE OCLOCK ","🕒","F0 9F 95 92","<ed><a0><bd><ed><b5><92>","f0 9f 95 92","f0 9f 95 92"
"161","CLOCK FACE THREE-THIRTY ","🕞","F0 9F 95 9E","<ed><a0><bd><ed><b5><9e>","f0 9f 95 9e","f0 9f 95 9e"
"162","CLOCK FACE TWELVE OCLOCK ","🕛","F0 9F 95 9B","<ed><a0><bd><ed><b5><9b>","f0 9f 95 9b","f0 9f 95 9b"
"163","CLOCK FACE TWELVE-THIRTY ","🕧","F0 9F 95 A7","<ed><a0><bd><ed><b5><a7>","f0 9f 95 a7","f0 9f 95 a7"
"164","CLOCK FACE TWO OCLOCK ","🕑","F0 9F 95 91","<ed><a0><bd><ed><b5><91>","f0 9f 95 91","f0 9f 95 91"
"165","CLOCK FACE TWO-THIRTY ","🕝","F0 9F 95 9D","<ed><a0><bd><ed><b5><9d>","f0 9f 95 9d","f0 9f 95 9d"
"166","CLOCKWISE DOWNWARDS AND UPWARDS OPEN CIRCLE ARROWS ","🔃","F0 9F 94 83","<ed><a0><bd><ed><b4><83>","f0 9f 94 83","f0 9f 94 83"
"167","CLOCKWISE RIGHTWARDS AND LEFTWARDS OPEN CIRCLE ARROWS ","🔁","F0 9F 94 81","<ed><a0><bd><ed><b4><81>","f0 9f 94 81","f0 9f 94 81"
"168","CLOCKWISE RIGHTWARDS AND LEFTWARDS OPEN CIRCLE ARROWS WITH CIRCLED ONE OVERLAY ","🔂","F0 9F 94 82","<ed><a0><bd><ed><b4><82>","f0 9f 94 82","f0 9f 94 82"
"169","CLOSED BOOK ","📕","F0 9F 93 95","<ed><a0><bd><ed><b3><95>","f0 9f 93 95","f0 9f 93 95"
"170","CLOSED LOCK WITH KEY ","🔐","F0 9F 94 90","<ed><a0><bd><ed><b4><90>","f0 9f 94 90","f0 9f 94 90"
"171","CLOSED MAILBOX WITH LOWERED FLAG ","📪","F0 9F 93 AA","<ed><a0><bd><ed><b3><aa>","f0 9f 93 aa","f0 9f 93 aa"
"172","CLOSED MAILBOX WITH RAISED FLAG ","📫","F0 9F 93 AB","<ed><a0><bd><ed><b3><ab>","f0 9f 93 ab","f0 9f 93 ab"
"173","CLOSED UMBRELLA ","🌂","F0 9F 8C 82","<ed><a0><bc><ed><bc><82>","f0 9f 8c 82","f0 9f 8c 82"
"174","CLOUD ","☁","E2 98 81","<e2><98><81>","e2 98 81","e2 98 81"
"175","COCKTAIL GLASS ","🍸","F0 9F 8D B8","<ed><a0><bc><ed><bd><b8>","f0 9f 8d b8","f0 9f 8d b8"
"176","COLLISION SYMBOL ","💥","F0 9F 92 A5","<ed><a0><bd><ed><b2><a5>","f0 9f 92 a5","f0 9f 92 a5"
"177","CONFETTI BALL ","🎊","F0 9F 8E 8A","<ed><a0><bc><ed><be><8a>","f0 9f 8e 8a","f0 9f 8e 8a"
"178","CONFOUNDED FACE ","😖","F0 9F 98 96","<ed><a0><bd><ed><b8><96>","f0 9f 98 96","f0 9f 98 96"
"179","CONFUSED FACE ","😕","F0 9F 98 95","<ed><a0><bd><ed><b8><95>","f0 9f 98 95","f0 9f 98 95"
"180","CONSTRUCTION SIGN ","🚧","F0 9F 9A A7","<ed><a0><bd><ed><ba><a7>","f0 9f 9a a7","f0 9f 9a a7"
"181","CONSTRUCTION WORKER ","👷","F0 9F 91 B7","<ed><a0><bd><ed><b1><b7>","f0 9f 91 b7","f0 9f 91 b7"
"182","CONVENIENCE STORE ","🏪","F0 9F 8F AA","<ed><a0><bc><ed><bf><aa>","f0 9f 8f aa","f0 9f 8f aa"
"183","COOKED RICE ","🍚","F0 9F 8D 9A","<ed><a0><bc><ed><bd><9a>","f0 9f 8d 9a","f0 9f 8d 9a"
"184","COOKIE ","🍪","F0 9F 8D AA","<ed><a0><bc><ed><bd><aa>","f0 9f 8d aa","f0 9f 8d aa"
"185","COOKING ","🍳","F0 9F 8D B3","<ed><a0><bc><ed><bd><b3>","f0 9f 8d b3","f0 9f 8d b3"
"186","COPYRIGHT SIGN ","©","C2 A9","<c2><a9>","c2 a9","c2 a9"
"187","COUPLE WITH HEART ","💑","F0 9F 92 91","<ed><a0><bd><ed><b2><91>","f0 9f 92 91","f0 9f 92 91"
"188","COW ","🐄","F0 9F 90 84","<ed><a0><bd><ed><b0><84>","f0 9f 90 84","f0 9f 90 84"
"189","COW FACE ","🐮","F0 9F 90 AE","<ed><a0><bd><ed><b0><ae>","f0 9f 90 ae","f0 9f 90 ae"
"190","CREDIT CARD ","💳","F0 9F 92 B3","<ed><a0><bd><ed><b2><b3>","f0 9f 92 b3","f0 9f 92 b3"
"191","CRESCENT MOON ","🌙","F0 9F 8C 99","<ed><a0><bc><ed><bc><99>","f0 9f 8c 99","f0 9f 8c 99"
"192","CROCODILE ","🐊","F0 9F 90 8A","<ed><a0><bd><ed><b0><8a>","f0 9f 90 8a","f0 9f 90 8a"
"193","CROSS MARK ","❌","E2 9D 8C","<e2><9d><8c>","e2 9d 8c","e2 9d 8c"
"194","CROSSED FLAGS ","🎌","F0 9F 8E 8C","<ed><a0><bc><ed><be><8c>","f0 9f 8e 8c","f0 9f 8e 8c"
"195","CROWN ","👑","F0 9F 91 91","<ed><a0><bd><ed><b1><91>","f0 9f 91 91","f0 9f 91 91"
"196","CRYING CAT FACE ","😿","F0 9F 98 BF","<ed><a0><bd><ed><b8><bf>","f0 9f 98 bf","f0 9f 98 bf"
"197","CRYING FACE ","😢","F0 9F 98 A2","<ed><a0><bd><ed><b8><a2>","f0 9f 98 a2","f0 9f 98 a2"
"198","CRYSTAL BALL ","🔮","F0 9F 94 AE","<ed><a0><bd><ed><b4><ae>","f0 9f 94 ae","f0 9f 94 ae"
"199","CURLY LOOP ","➰","E2 9E B0","<e2><9e><b0>","e2 9e b0","e2 9e b0"
"200","CURRENCY EXCHANGE ","💱","F0 9F 92 B1","<ed><a0><bd><ed><b2><b1>","f0 9f 92 b1","f0 9f 92 b1"
"201","CURRY AND RICE ","🍛","F0 9F 8D 9B","<ed><a0><bc><ed><bd><9b>","f0 9f 8d 9b","f0 9f 8d 9b"
"202","CUSTARD ","🍮","F0 9F 8D AE","<ed><a0><bc><ed><bd><ae>","f0 9f 8d ae","f0 9f 8d ae"
"203","CUSTOMS ","🛃","F0 9F 9B 83","<ed><a0><bd><ed><bb><83>","f0 9f 9b 83","f0 9f 9b 83"
"204","CYCLONE ","🌀","F0 9F 8C 80","<ed><a0><bc><ed><bc><80>","f0 9f 8c 80","f0 9f 8c 80"
"205","DANCER ","💃","F0 9F 92 83","<ed><a0><bd><ed><b2><83>","f0 9f 92 83","f0 9f 92 83"
"206","DANGO ","🍡","F0 9F 8D A1","<ed><a0><bc><ed><bd><a1>","f0 9f 8d a1","f0 9f 8d a1"
"207","DASH SYMBOL ","💨","F0 9F 92 A8","<ed><a0><bd><ed><b2><a8>","f0 9f 92 a8","f0 9f 92 a8"
"208","DECIDUOUS TREE ","🌳","F0 9F 8C B3","<ed><a0><bc><ed><bc><b3>","f0 9f 8c b3","f0 9f 8c b3"
"209","DELIVERY TRUCK ","🚚","F0 9F 9A 9A","<ed><a0><bd><ed><ba><9a>","f0 9f 9a 9a","f0 9f 9a 9a"
"210","DEPARTMENT STORE ","🏬","F0 9F 8F AC","<ed><a0><bc><ed><bf><ac>","f0 9f 8f ac","f0 9f 8f ac"
"211","DIAMOND SHAPE WITH A DOT INSIDE ","💠","F0 9F 92 A0","<ed><a0><bd><ed><b2><a0>","f0 9f 92 a0","f0 9f 92 a0"
"212","DIGIT EIGHT + COMBINING ENCLOSING KEYCAP ","8⃣","38 E2 83 A3","8<e2><83><a3>","38 e2 83 a3","38 e2 83 a3"
"213","DIGIT FIVE + COMBINING ENCLOSING KEYCAP ","5⃣","35 E2 83 A3","5<e2><83><a3>","35 e2 83 a3","35 e2 83 a3"
"214","DIGIT FOUR + COMBINING ENCLOSING KEYCAP ","4⃣","34 E2 83 A3","4<e2><83><a3>","34 e2 83 a3","34 e2 83 a3"
"215","DIGIT NINE + COMBINING ENCLOSING KEYCAP ","9⃣","39 E2 83 A3","9<e2><83><a3>","39 e2 83 a3","39 e2 83 a3"
"216","DIGIT ONE + COMBINING ENCLOSING KEYCAP ","1⃣","31 E2 83 A3","1<e2><83><a3>","31 e2 83 a3","31 e2 83 a3"
"217","DIGIT SEVEN + COMBINING ENCLOSING KEYCAP ","7⃣","37 E2 83 A3","7<e2><83><a3>","37 e2 83 a3","37 e2 83 a3"
"218","DIGIT SIX + COMBINING ENCLOSING KEYCAP ","6⃣","36 E2 83 A3","6<e2><83><a3>","36 e2 83 a3","36 e2 83 a3"
"219","DIGIT THREE + COMBINING ENCLOSING KEYCAP ","3⃣","33 E2 83 A3","3<e2><83><a3>","33 e2 83 a3","33 e2 83 a3"
"220","DIGIT TWO + COMBINING ENCLOSING KEYCAP ","2⃣","32 E2 83 A3","2<e2><83><a3>","32 e2 83 a3","32 e2 83 a3"
"221","DIGIT ZERO + COMBINING ENCLOSING KEYCAP ","0⃣","30 E2 83 A3","0<e2><83><a3>","30 e2 83 a3","30 e2 83 a3"
"222","DIRECT HIT ","🎯","F0 9F 8E AF","<ed><a0><bc><ed><be><af>","f0 9f 8e af","f0 9f 8e af"
"223","DISAPPOINTED BUT RELIEVED FACE ","😥","F0 9F 98 A5","<ed><a0><bd><ed><b8><a5>","f0 9f 98 a5","f0 9f 98 a5"
"224","DISAPPOINTED FACE ","😞","F0 9F 98 9E","<ed><a0><bd><ed><b8><9e>","f0 9f 98 9e","f0 9f 98 9e"
"225","DIZZY FACE ","😵","F0 9F 98 B5","<ed><a0><bd><ed><b8><b5>","f0 9f 98 b5","f0 9f 98 b5"
"226","DIZZY SYMBOL ","💫","F0 9F 92 AB","<ed><a0><bd><ed><b2><ab>","f0 9f 92 ab","f0 9f 92 ab"
"227","DO NOT LITTER SYMBOL ","🚯","F0 9F 9A AF","<ed><a0><bd><ed><ba><af>","f0 9f 9a af","f0 9f 9a af"
"228","DOG ","🐕","F0 9F 90 95","<ed><a0><bd><ed><b0><95>","f0 9f 90 95","f0 9f 90 95"
"229","DOG FACE ","🐶","F0 9F 90 B6","<ed><a0><bd><ed><b0><b6>","f0 9f 90 b6","f0 9f 90 b6"
"230","DOLPHIN ","🐬","F0 9F 90 AC","<ed><a0><bd><ed><b0><ac>","f0 9f 90 ac","f0 9f 90 ac"
"231","DOOR ","🚪","F0 9F 9A AA","<ed><a0><bd><ed><ba><aa>","f0 9f 9a aa","f0 9f 9a aa"
"232","DOUBLE EXCLAMATION MARK ","‼","E2 80 BC","<e2><80><bc>","e2 80 bc","e2 80 bc"
"233","DOUGHNUT ","🍩","F0 9F 8D A9","<ed><a0><bc><ed><bd><a9>","f0 9f 8d a9","f0 9f 8d a9"
"234","DOWN-POINTING RED TRIANGLE ","🔻","F0 9F 94 BB","<ed><a0><bd><ed><b4><bb>","f0 9f 94 bb","f0 9f 94 bb"
"235","DOWN-POINTING SMALL RED TRIANGLE ","🔽","F0 9F 94 BD","<ed><a0><bd><ed><b4><bd>","f0 9f 94 bd","f0 9f 94 bd"
"236","DOWNWARDS BLACK ARROW ","⬇","E2 AC 87","<e2><ac><87>","e2 ac 87","e2 ac 87"
"237","DRAGON ","🐉","F0 9F 90 89","<ed><a0><bd><ed><b0><89>","f0 9f 90 89","f0 9f 90 89"
"238","DRAGON FACE ","🐲","F0 9F 90 B2","<ed><a0><bd><ed><b0><b2>","f0 9f 90 b2","f0 9f 90 b2"
"239","DRESS ","👗","F0 9F 91 97","<ed><a0><bd><ed><b1><97>","f0 9f 91 97","f0 9f 91 97"
"240","DROMEDARY CAMEL ","🐪","F0 9F 90 AA","<ed><a0><bd><ed><b0><aa>","f0 9f 90 aa","f0 9f 90 aa"
"241","DROPLET ","💧","F0 9F 92 A7","<ed><a0><bd><ed><b2><a7>","f0 9f 92 a7","f0 9f 92 a7"
"242","DVD ","📀","F0 9F 93 80","<ed><a0><bd><ed><b3><80>","f0 9f 93 80","f0 9f 93 80"
"243","E-MAIL SYMBOL ","📧","F0 9F 93 A7","<ed><a0><bd><ed><b3><a7>","f0 9f 93 a7","f0 9f 93 a7"
"244","EAR ","👂","F0 9F 91 82","<ed><a0><bd><ed><b1><82>","f0 9f 91 82","f0 9f 91 82"
"245","EAR OF MAIZE ","🌽","F0 9F 8C BD","<ed><a0><bc><ed><bc><bd>","f0 9f 8c bd","f0 9f 8c bd"
"246","EAR OF RICE ","🌾","F0 9F 8C BE","<ed><a0><bc><ed><bc><be>","f0 9f 8c be","f0 9f 8c be"
"247","EARTH GLOBE AMERICAS ","🌎","F0 9F 8C 8E","<ed><a0><bc><ed><bc><8e>","f0 9f 8c 8e","f0 9f 8c 8e"
"248","EARTH GLOBE ASIA-AUSTRALIA ","🌏","F0 9F 8C 8F","<ed><a0><bc><ed><bc><8f>","f0 9f 8c 8f","f0 9f 8c 8f"
"249","EARTH GLOBE EUROPE-AFRICA ","🌍","F0 9F 8C 8D","<ed><a0><bc><ed><bc><8d>","f0 9f 8c 8d","f0 9f 8c 8d"
"250","EIGHT POINTED BLACK STAR ","✴","E2 9C B4","<e2><9c><b4>","e2 9c b4","e2 9c b4"
"251","EIGHT SPOKED ASTERISK ","✳","E2 9C B3","<e2><9c><b3>","e2 9c b3","e2 9c b3"
"252","ELECTRIC LIGHT BULB ","💡","F0 9F 92 A1","<ed><a0><bd><ed><b2><a1>","f0 9f 92 a1","f0 9f 92 a1"
"253","ELECTRIC PLUG ","🔌","F0 9F 94 8C","<ed><a0><bd><ed><b4><8c>","f0 9f 94 8c","f0 9f 94 8c"
"254","ELECTRIC TORCH ","🔦","F0 9F 94 A6","<ed><a0><bd><ed><b4><a6>","f0 9f 94 a6","f0 9f 94 a6"
"255","ELEPHANT ","🐘","F0 9F 90 98","<ed><a0><bd><ed><b0><98>","f0 9f 90 98","f0 9f 90 98"
"256","END WITH LEFTWARDS ARROW ABOVE ","🔚","F0 9F 94 9A","<ed><a0><bd><ed><b4><9a>","f0 9f 94 9a","f0 9f 94 9a"
"257","ENVELOPE ","✉","E2 9C 89","<e2><9c><89>","e2 9c 89","e2 9c 89"
"258","ENVELOPE WITH DOWNWARDS ARROW ABOVE ","📩","F0 9F 93 A9","<ed><a0><bd><ed><b3><a9>","f0 9f 93 a9","f0 9f 93 a9"
"259","EUROPEAN CASTLE ","🏰","F0 9F 8F B0","<ed><a0><bc><ed><bf><b0>","f0 9f 8f b0","f0 9f 8f b0"
"260","EUROPEAN POST OFFICE ","🏤","F0 9F 8F A4","<ed><a0><bc><ed><bf><a4>","f0 9f 8f a4","f0 9f 8f a4"
"261","EVERGREEN TREE ","🌲","F0 9F 8C B2","<ed><a0><bc><ed><bc><b2>","f0 9f 8c b2","f0 9f 8c b2"
"262","EXCLAMATION QUESTION MARK ","⁉","E2 81 89","<e2><81><89>","e2 81 89","e2 81 89"
"263","EXPRESSIONLESS FACE ","😑","F0 9F 98 91","<ed><a0><bd><ed><b8><91>","f0 9f 98 91","f0 9f 98 91"
"264","EXTRATERRESTRIAL ALIEN ","👽","F0 9F 91 BD","<ed><a0><bd><ed><b1><bd>","f0 9f 91 bd","f0 9f 91 bd"
"265","EYEGLASSES ","👓","F0 9F 91 93","<ed><a0><bd><ed><b1><93>","f0 9f 91 93","f0 9f 91 93"
"266","EYES ","👀","F0 9F 91 80","<ed><a0><bd><ed><b1><80>","f0 9f 91 80","f0 9f 91 80"
"267","FACE MASSAGE ","💆","F0 9F 92 86","<ed><a0><bd><ed><b2><86>","f0 9f 92 86","f0 9f 92 86"
"268","FACE SAVOURING DELICIOUS FOOD ","😋","F0 9F 98 8B","<ed><a0><bd><ed><b8><8b>","f0 9f 98 8b","f0 9f 98 8b"
"269","FACE SCREAMING IN FEAR ","😱","F0 9F 98 B1","<ed><a0><bd><ed><b8><b1>","f0 9f 98 b1","f0 9f 98 b1"
"270","FACE THROWING A KISS ","😘","F0 9F 98 98","<ed><a0><bd><ed><b8><98>","f0 9f 98 98","f0 9f 98 98"
"271","FACE WITH COLD SWEAT ","😓","F0 9F 98 93","<ed><a0><bd><ed><b8><93>","f0 9f 98 93","f0 9f 98 93"
"272","FACE WITH LOOK OF TRIUMPH ","😤","F0 9F 98 A4","<ed><a0><bd><ed><b8><a4>","f0 9f 98 a4","f0 9f 98 a4"
"273","FACE WITH MEDICAL MASK ","😷","F0 9F 98 B7","<ed><a0><bd><ed><b8><b7>","f0 9f 98 b7","f0 9f 98 b7"
"274","FACE WITH NO GOOD GESTURE ","🙅","F0 9F 99 85","<ed><a0><bd><ed><b9><85>","f0 9f 99 85","f0 9f 99 85"
"275","FACE WITH OK GESTURE ","🙆","F0 9F 99 86","<ed><a0><bd><ed><b9><86>","f0 9f 99 86","f0 9f 99 86"
"276","FACE WITH OPEN MOUTH ","😮","F0 9F 98 AE","<ed><a0><bd><ed><b8><ae>","f0 9f 98 ae","f0 9f 98 ae"
"277","FACE WITH OPEN MOUTH AND COLD SWEAT ","😰","F0 9F 98 B0","<ed><a0><bd><ed><b8><b0>","f0 9f 98 b0","f0 9f 98 b0"
"278","FACE WITH STUCK-OUT TONGUE ","😛","F0 9F 98 9B","<ed><a0><bd><ed><b8><9b>","f0 9f 98 9b","f0 9f 98 9b"
"279","FACE WITH STUCK-OUT TONGUE AND TIGHTLY-CLOSED EYES ","😝","F0 9F 98 9D","<ed><a0><bd><ed><b8><9d>","f0 9f 98 9d","f0 9f 98 9d"
"280","FACE WITH STUCK-OUT TONGUE AND WINKING EYE ","😜","F0 9F 98 9C","<ed><a0><bd><ed><b8><9c>","f0 9f 98 9c","f0 9f 98 9c"
"281","FACE WITH TEARS OF JOY ","😂","F0 9F 98 82","<ed><a0><bd><ed><b8><82>","f0 9f 98 82","f0 9f 98 82"
"282","FACE WITHOUT MOUTH ","😶","F0 9F 98 B6","<ed><a0><bd><ed><b8><b6>","f0 9f 98 b6","f0 9f 98 b6"
"283","FACTORY ","🏭","F0 9F 8F AD","<ed><a0><bc><ed><bf><ad>","f0 9f 8f ad","f0 9f 8f ad"
"284","FALLEN LEAF ","🍂","F0 9F 8D 82","<ed><a0><bc><ed><bd><82>","f0 9f 8d 82","f0 9f 8d 82"
"285","FAMILY ","👪","F0 9F 91 AA","<ed><a0><bd><ed><b1><aa>","f0 9f 91 aa","f0 9f 91 aa"
"286","FATHER CHRISTMAS ","🎅","F0 9F 8E 85","<ed><a0><bc><ed><be><85>","f0 9f 8e 85","f0 9f 8e 85"
"287","FAX MACHINE ","📠","F0 9F 93 A0","<ed><a0><bd><ed><b3><a0>","f0 9f 93 a0","f0 9f 93 a0"
"288","FEARFUL FACE ","😨","F0 9F 98 A8","<ed><a0><bd><ed><b8><a8>","f0 9f 98 a8","f0 9f 98 a8"
"289","FERRIS WHEEL ","🎡","F0 9F 8E A1","<ed><a0><bc><ed><be><a1>","f0 9f 8e a1","f0 9f 8e a1"
"290","FILE FOLDER ","📁","F0 9F 93 81","<ed><a0><bd><ed><b3><81>","f0 9f 93 81","f0 9f 93 81"
"291","FIRE ","🔥","F0 9F 94 A5","<ed><a0><bd><ed><b4><a5>","f0 9f 94 a5","f0 9f 94 a5"
"292","FIRE ENGINE ","🚒","F0 9F 9A 92","<ed><a0><bd><ed><ba><92>","f0 9f 9a 92","f0 9f 9a 92"
"293","FIREWORK SPARKLER ","🎇","F0 9F 8E 87","<ed><a0><bc><ed><be><87>","f0 9f 8e 87","f0 9f 8e 87"
"294","FIREWORKS ","🎆","F0 9F 8E 86","<ed><a0><bc><ed><be><86>","f0 9f 8e 86","f0 9f 8e 86"
"295","FIRST QUARTER MOON SYMBOL ","🌓","F0 9F 8C 93","<ed><a0><bc><ed><bc><93>","f0 9f 8c 93","f0 9f 8c 93"
"296","FIRST QUARTER MOON WITH FACE ","🌛","F0 9F 8C 9B","<ed><a0><bc><ed><bc><9b>","f0 9f 8c 9b","f0 9f 8c 9b"
"297","FISH ","🐟","F0 9F 90 9F","<ed><a0><bd><ed><b0><9f>","f0 9f 90 9f","f0 9f 90 9f"
"298","FISH CAKE WITH SWIRL DESIGN ","🍥","F0 9F 8D A5","<ed><a0><bc><ed><bd><a5>","f0 9f 8d a5","f0 9f 8d a5"
"299","FISHING POLE AND FISH ","🎣","F0 9F 8E A3","<ed><a0><bc><ed><be><a3>","f0 9f 8e a3","f0 9f 8e a3"
"300","FISTED HAND SIGN ","👊","F0 9F 91 8A","<ed><a0><bd><ed><b1><8a>","f0 9f 91 8a","f0 9f 91 8a"
"301","FLAG IN HOLE ","⛳","E2 9B B3","<e2><9b><b3>","e2 9b b3","e2 9b b3"
"302","FLEXED BICEPS ","💪","F0 9F 92 AA","<ed><a0><bd><ed><b2><aa>","f0 9f 92 aa","f0 9f 92 aa"
"303","FLOPPY DISK ","💾","F0 9F 92 BE","<ed><a0><bd><ed><b2><be>","f0 9f 92 be","f0 9f 92 be"
"304","FLOWER PLAYING CARDS ","🎴","F0 9F 8E B4","<ed><a0><bc><ed><be><b4>","f0 9f 8e b4","f0 9f 8e b4"
"305","FLUSHED FACE ","😳","F0 9F 98 B3","<ed><a0><bd><ed><b8><b3>","f0 9f 98 b3","f0 9f 98 b3"
"306","FOGGY ","🌁","F0 9F 8C 81","<ed><a0><bc><ed><bc><81>","f0 9f 8c 81","f0 9f 8c 81"
"307","FOOTPRINTS ","👣","F0 9F 91 A3","<ed><a0><bd><ed><b1><a3>","f0 9f 91 a3","f0 9f 91 a3"
"308","FORK AND KNIFE ","🍴","F0 9F 8D B4","<ed><a0><bc><ed><bd><b4>","f0 9f 8d b4","f0 9f 8d b4"
"309","FOUNTAIN ","⛲","E2 9B B2","<e2><9b><b2>","e2 9b b2","e2 9b b2"
"310","FOUR LEAF CLOVER ","🍀","F0 9F 8D 80","<ed><a0><bc><ed><bd><80>","f0 9f 8d 80","f0 9f 8d 80"
"311","FRENCH FRIES ","🍟","F0 9F 8D 9F","<ed><a0><bc><ed><bd><9f>","f0 9f 8d 9f","f0 9f 8d 9f"
"312","FRIED SHRIMP ","🍤","F0 9F 8D A4","<ed><a0><bc><ed><bd><a4>","f0 9f 8d a4","f0 9f 8d a4"
"313","FROG FACE ","🐸","F0 9F 90 B8","<ed><a0><bd><ed><b0><b8>","f0 9f 90 b8","f0 9f 90 b8"
"314","FRONT-FACING BABY CHICK ","🐥","F0 9F 90 A5","<ed><a0><bd><ed><b0><a5>","f0 9f 90 a5","f0 9f 90 a5"
"315","FROWNING FACE WITH OPEN MOUTH ","😦","F0 9F 98 A6","<ed><a0><bd><ed><b8><a6>","f0 9f 98 a6","f0 9f 98 a6"
"316","FUEL PUMP ","⛽","E2 9B BD","<e2><9b><bd>","e2 9b bd","e2 9b bd"
"317","FULL MOON SYMBOL ","🌕","F0 9F 8C 95","<ed><a0><bc><ed><bc><95>","f0 9f 8c 95","f0 9f 8c 95"
"318","FULL MOON WITH FACE ","🌝","F0 9F 8C 9D","<ed><a0><bc><ed><bc><9d>","f0 9f 8c 9d","f0 9f 8c 9d"
"319","GAME DIE ","🎲","F0 9F 8E B2","<ed><a0><bc><ed><be><b2>","f0 9f 8e b2","f0 9f 8e b2"
"320","GEM STONE ","💎","F0 9F 92 8E","<ed><a0><bd><ed><b2><8e>","f0 9f 92 8e","f0 9f 92 8e"
"321","GEMINI ","♊","E2 99 8A","<e2><99><8a>","e2 99 8a","e2 99 8a"
"322","GHOST ","👻","F0 9F 91 BB","<ed><a0><bd><ed><b1><bb>","f0 9f 91 bb","f0 9f 91 bb"
"323","GIRL ","👧","F0 9F 91 A7","<ed><a0><bd><ed><b1><a7>","f0 9f 91 a7","f0 9f 91 a7"
"324","GLOBE WITH MERIDIANS ","🌐","F0 9F 8C 90","<ed><a0><bc><ed><bc><90>","f0 9f 8c 90","f0 9f 8c 90"
"325","GLOWING STAR ","🌟","F0 9F 8C 9F","<ed><a0><bc><ed><bc><9f>","f0 9f 8c 9f","f0 9f 8c 9f"
"326","GOAT ","🐐","F0 9F 90 90","<ed><a0><bd><ed><b0><90>","f0 9f 90 90","f0 9f 90 90"
"327","GRADUATION CAP ","🎓","F0 9F 8E 93","<ed><a0><bc><ed><be><93>","f0 9f 8e 93","f0 9f 8e 93"
"328","GRAPES ","🍇","F0 9F 8D 87","<ed><a0><bc><ed><bd><87>","f0 9f 8d 87","f0 9f 8d 87"
"329","GREEN APPLE ","🍏","F0 9F 8D 8F","<ed><a0><bc><ed><bd><8f>","f0 9f 8d 8f","f0 9f 8d 8f"
"330","GREEN BOOK ","📗","F0 9F 93 97","<ed><a0><bd><ed><b3><97>","f0 9f 93 97","f0 9f 93 97"
"331","GREEN HEART ","💚","F0 9F 92 9A","<ed><a0><bd><ed><b2><9a>","f0 9f 92 9a","f0 9f 92 9a"
"332","GRIMACING FACE ","😬","F0 9F 98 AC","<ed><a0><bd><ed><b8><ac>","f0 9f 98 ac","f0 9f 98 ac"
"333","GRINNING CAT FACE WITH SMILING EYES ","😸","F0 9F 98 B8","<ed><a0><bd><ed><b8><b8>","f0 9f 98 b8","f0 9f 98 b8"
"334","GRINNING FACE ","😀","F0 9F 98 80","<ed><a0><bd><ed><b8><80>","f0 9f 98 80","f0 9f 98 80"
"335","GRINNING FACE WITH SMILING EYES ","😁","F0 9F 98 81","<ed><a0><bd><ed><b8><81>","f0 9f 98 81","f0 9f 98 81"
"336","GROWING HEART ","💗","F0 9F 92 97","<ed><a0><bd><ed><b2><97>","f0 9f 92 97","f0 9f 92 97"
"337","GUARDSMAN ","💂","F0 9F 92 82","<ed><a0><bd><ed><b2><82>","f0 9f 92 82","f0 9f 92 82"
"338","GUITAR ","🎸","F0 9F 8E B8","<ed><a0><bc><ed><be><b8>","f0 9f 8e b8","f0 9f 8e b8"
"339","HAIRCUT ","💇","F0 9F 92 87","<ed><a0><bd><ed><b2><87>","f0 9f 92 87","f0 9f 92 87"
"340","HAMBURGER ","🍔","F0 9F 8D 94","<ed><a0><bc><ed><bd><94>","f0 9f 8d 94","f0 9f 8d 94"
"341","HAMMER ","🔨","F0 9F 94 A8","<ed><a0><bd><ed><b4><a8>","f0 9f 94 a8","f0 9f 94 a8"
"342","HAMSTER FACE ","🐹","F0 9F 90 B9","<ed><a0><bd><ed><b0><b9>","f0 9f 90 b9","f0 9f 90 b9"
"343","HANDBAG ","👜","F0 9F 91 9C","<ed><a0><bd><ed><b1><9c>","f0 9f 91 9c","f0 9f 91 9c"
"344","HAPPY PERSON RAISING ONE HAND ","🙋","F0 9F 99 8B","<ed><a0><bd><ed><b9><8b>","f0 9f 99 8b","f0 9f 99 8b"
"345","HATCHING CHICK ","🐣","F0 9F 90 A3","<ed><a0><bd><ed><b0><a3>","f0 9f 90 a3","f0 9f 90 a3"
"346","HEADPHONE ","🎧","F0 9F 8E A7","<ed><a0><bc><ed><be><a7>","f0 9f 8e a7","f0 9f 8e a7"
"347","HEAR-NO-EVIL MONKEY ","🙉","F0 9F 99 89","<ed><a0><bd><ed><b9><89>","f0 9f 99 89","f0 9f 99 89"
"348","HEART DECORATION ","💟","F0 9F 92 9F","<ed><a0><bd><ed><b2><9f>","f0 9f 92 9f","f0 9f 92 9f"
"349","HEART WITH ARROW ","💘","F0 9F 92 98","<ed><a0><bd><ed><b2><98>","f0 9f 92 98","f0 9f 92 98"
"350","HEART WITH RIBBON ","💝","F0 9F 92 9D","<ed><a0><bd><ed><b2><9d>","f0 9f 92 9d","f0 9f 92 9d"
"351","HEAVY BLACK HEART ","❤","E2 9D A4","<e2><9d><a4>","e2 9d a4","e2 9d a4"
"352","HEAVY CHECK MARK ","✔","E2 9C 94","<e2><9c><94>","e2 9c 94","e2 9c 94"
"353","HEAVY DIVISION SIGN ","➗","E2 9E 97","<e2><9e><97>","e2 9e 97","e2 9e 97"
"354","HEAVY DOLLAR SIGN ","💲","F0 9F 92 B2","<ed><a0><bd><ed><b2><b2>","f0 9f 92 b2","f0 9f 92 b2"
"355","HEAVY EXCLAMATION MARK SYMBOL ","❗","E2 9D 97","<e2><9d><97>","e2 9d 97","e2 9d 97"
"356","HEAVY LARGE CIRCLE ","⭕","E2 AD 95","<e2><ad><95>","e2 ad 95","e2 ad 95"
"357","HEAVY MINUS SIGN ","➖","E2 9E 96","<e2><9e><96>","e2 9e 96","e2 9e 96"
"358","HEAVY MULTIPLICATION X ","✖","E2 9C 96","<e2><9c><96>","e2 9c 96","e2 9c 96"
"359","HEAVY PLUS SIGN ","➕","E2 9E 95","<e2><9e><95>","e2 9e 95","e2 9e 95"
"360","HELICOPTER ","🚁","F0 9F 9A 81","<ed><a0><bd><ed><ba><81>","f0 9f 9a 81","f0 9f 9a 81"
"361","HERB ","🌿","F0 9F 8C BF","<ed><a0><bc><ed><bc><bf>","f0 9f 8c bf","f0 9f 8c bf"
"362","HIBISCUS ","🌺","F0 9F 8C BA","<ed><a0><bc><ed><bc><ba>","f0 9f 8c ba","f0 9f 8c ba"
"363","HIGH BRIGHTNESS SYMBOL ","🔆","F0 9F 94 86","<ed><a0><bd><ed><b4><86>","f0 9f 94 86","f0 9f 94 86"
"364","HIGH VOLTAGE SIGN ","⚡","E2 9A A1","<e2><9a><a1>","e2 9a a1","e2 9a a1"
"365","HIGH-HEELED SHOE ","👠","F0 9F 91 A0","<ed><a0><bd><ed><b1><a0>","f0 9f 91 a0","f0 9f 91 a0"
"366","HIGH-SPEED TRAIN ","🚄","F0 9F 9A 84","<ed><a0><bd><ed><ba><84>","f0 9f 9a 84","f0 9f 9a 84"
"367","HIGH-SPEED TRAIN WITH BULLET NOSE ","🚅","F0 9F 9A 85","<ed><a0><bd><ed><ba><85>","f0 9f 9a 85","f0 9f 9a 85"
"368","HOCHO ","🔪","F0 9F 94 AA","<ed><a0><bd><ed><b4><aa>","f0 9f 94 aa","f0 9f 94 aa"
"369","HONEY POT ","🍯","F0 9F 8D AF","<ed><a0><bc><ed><bd><af>","f0 9f 8d af","f0 9f 8d af"
"370","HONEYBEE ","🐝","F0 9F 90 9D","<ed><a0><bd><ed><b0><9d>","f0 9f 90 9d","f0 9f 90 9d"
"371","HORIZONTAL TRAFFIC LIGHT ","🚥","F0 9F 9A A5","<ed><a0><bd><ed><ba><a5>","f0 9f 9a a5","f0 9f 9a a5"
"372","HORSE ","🐎","F0 9F 90 8E","<ed><a0><bd><ed><b0><8e>","f0 9f 90 8e","f0 9f 90 8e"
"373","HORSE FACE ","🐴","F0 9F 90 B4","<ed><a0><bd><ed><b0><b4>","f0 9f 90 b4","f0 9f 90 b4"
"374","HORSE RACING ","🏇","F0 9F 8F 87","<ed><a0><bc><ed><bf><87>","f0 9f 8f 87","f0 9f 8f 87"
"375","HOSPITAL ","🏥","F0 9F 8F A5","<ed><a0><bc><ed><bf><a5>","f0 9f 8f a5","f0 9f 8f a5"
"376","HOT BEVERAGE ","☕","E2 98 95","<e2><98><95>","e2 98 95","e2 98 95"
"377","HOT SPRINGS ","♨","E2 99 A8","<e2><99><a8>","e2 99 a8","e2 99 a8"
"378","HOTEL ","🏨","F0 9F 8F A8","<ed><a0><bc><ed><bf><a8>","f0 9f 8f a8","f0 9f 8f a8"
"379","HOURGLASS ","⌛","E2 8C 9B","<e2><8c><9b>","e2 8c 9b","e2 8c 9b"
"380","HOURGLASS WITH FLOWING SAND ","⏳","E2 8F B3","<e2><8f><b3>","e2 8f b3","e2 8f b3"
"381","HOUSE BUILDING ","🏠","F0 9F 8F A0","<ed><a0><bc><ed><bf><a0>","f0 9f 8f a0","f0 9f 8f a0"
"382","HOUSE WITH GARDEN ","🏡","F0 9F 8F A1","<ed><a0><bc><ed><bf><a1>","f0 9f 8f a1","f0 9f 8f a1"
"383","HUNDRED POINTS SYMBOL ","💯","F0 9F 92 AF","<ed><a0><bd><ed><b2><af>","f0 9f 92 af","f0 9f 92 af"
"384","HUSHED FACE ","😯","F0 9F 98 AF","<ed><a0><bd><ed><b8><af>","f0 9f 98 af","f0 9f 98 af"
"385","ICE CREAM ","🍨","F0 9F 8D A8","<ed><a0><bc><ed><bd><a8>","f0 9f 8d a8","f0 9f 8d a8"
"386","IMP ","👿","F0 9F 91 BF","<ed><a0><bd><ed><b1><bf>","f0 9f 91 bf","f0 9f 91 bf"
"387","INBOX TRAY ","📥","F0 9F 93 A5","<ed><a0><bd><ed><b3><a5>","f0 9f 93 a5","f0 9f 93 a5"
"388","INCOMING ENVELOPE ","📨","F0 9F 93 A8","<ed><a0><bd><ed><b3><a8>","f0 9f 93 a8","f0 9f 93 a8"
"389","INFORMATION DESK PERSON ","💁","F0 9F 92 81","<ed><a0><bd><ed><b2><81>","f0 9f 92 81","f0 9f 92 81"
"390","INFORMATION SOURCE ","ℹ","E2 84 B9","<e2><84><b9>","e2 84 b9","e2 84 b9"
"391","INPUT SYMBOL FOR LATIN CAPITAL LETTERS ","🔠","F0 9F 94 A0","<ed><a0><bd><ed><b4><a0>","f0 9f 94 a0","f0 9f 94 a0"
"392","INPUT SYMBOL FOR LATIN LETTERS ","🔤","F0 9F 94 A4","<ed><a0><bd><ed><b4><a4>","f0 9f 94 a4","f0 9f 94 a4"
"393","INPUT SYMBOL FOR LATIN SMALL LETTERS ","🔡","F0 9F 94 A1","<ed><a0><bd><ed><b4><a1>","f0 9f 94 a1","f0 9f 94 a1"
"394","INPUT SYMBOL FOR NUMBERS ","🔢","F0 9F 94 A2","<ed><a0><bd><ed><b4><a2>","f0 9f 94 a2","f0 9f 94 a2"
"395","INPUT SYMBOL FOR SYMBOLS ","🔣","F0 9F 94 A3","<ed><a0><bd><ed><b4><a3>","f0 9f 94 a3","f0 9f 94 a3"
"396","IZAKAYA LANTERN ","🏮","F0 9F 8F AE","<ed><a0><bc><ed><bf><ae>","f0 9f 8f ae","f0 9f 8f ae"
"397","JACK-O-LANTERN ","🎃","F0 9F 8E 83","<ed><a0><bc><ed><be><83>","f0 9f 8e 83","f0 9f 8e 83"
"398","JAPANESE CASTLE ","🏯","F0 9F 8F AF","<ed><a0><bc><ed><bf><af>","f0 9f 8f af","f0 9f 8f af"
"399","JAPANESE DOLLS ","🎎","F0 9F 8E 8E","<ed><a0><bc><ed><be><8e>","f0 9f 8e 8e","f0 9f 8e 8e"
"400","JAPANESE GOBLIN ","👺","F0 9F 91 BA","<ed><a0><bd><ed><b1><ba>","f0 9f 91 ba","f0 9f 91 ba"
"401","JAPANESE OGRE ","👹","F0 9F 91 B9","<ed><a0><bd><ed><b1><b9>","f0 9f 91 b9","f0 9f 91 b9"
"402","JAPANESE POST OFFICE ","🏣","F0 9F 8F A3","<ed><a0><bc><ed><bf><a3>","f0 9f 8f a3","f0 9f 8f a3"
"403","JAPANESE SYMBOL FOR BEGINNER ","🔰","F0 9F 94 B0","<ed><a0><bd><ed><b4><b0>","f0 9f 94 b0","f0 9f 94 b0"
"404","JEANS ","👖","F0 9F 91 96","<ed><a0><bd><ed><b1><96>","f0 9f 91 96","f0 9f 91 96"
"405","KEY ","🔑","F0 9F 94 91","<ed><a0><bd><ed><b4><91>","f0 9f 94 91","f0 9f 94 91"
"406","KEYCAP TEN ","🔟","F0 9F 94 9F","<ed><a0><bd><ed><b4><9f>","f0 9f 94 9f","f0 9f 94 9f"
"407","KIMONO ","👘","F0 9F 91 98","<ed><a0><bd><ed><b1><98>","f0 9f 91 98","f0 9f 91 98"
"408","KISS ","💏","F0 9F 92 8F","<ed><a0><bd><ed><b2><8f>","f0 9f 92 8f","f0 9f 92 8f"
"409","KISS MARK ","💋","F0 9F 92 8B","<ed><a0><bd><ed><b2><8b>","f0 9f 92 8b","f0 9f 92 8b"
"410","KISSING CAT FACE WITH CLOSED EYES ","😽","F0 9F 98 BD","<ed><a0><bd><ed><b8><bd>","f0 9f 98 bd","f0 9f 98 bd"
"411","KISSING FACE ","😗","F0 9F 98 97","<ed><a0><bd><ed><b8><97>","f0 9f 98 97","f0 9f 98 97"
"412","KISSING FACE WITH CLOSED EYES ","😚","F0 9F 98 9A","<ed><a0><bd><ed><b8><9a>","f0 9f 98 9a","f0 9f 98 9a"
"413","KISSING FACE WITH SMILING EYES ","😙","F0 9F 98 99","<ed><a0><bd><ed><b8><99>","f0 9f 98 99","f0 9f 98 99"
"414","KOALA ","🐨","F0 9F 90 A8","<ed><a0><bd><ed><b0><a8>","f0 9f 90 a8","f0 9f 90 a8"
"415","LADY BEETLE ","🐞","F0 9F 90 9E","<ed><a0><bd><ed><b0><9e>","f0 9f 90 9e","f0 9f 90 9e"
"416","LARGE BLUE CIRCLE ","🔵","F0 9F 94 B5","<ed><a0><bd><ed><b4><b5>","f0 9f 94 b5","f0 9f 94 b5"
"417","LARGE BLUE DIAMOND ","🔷","F0 9F 94 B7","<ed><a0><bd><ed><b4><b7>","f0 9f 94 b7","f0 9f 94 b7"
"418","LARGE ORANGE DIAMOND ","🔶","F0 9F 94 B6","<ed><a0><bd><ed><b4><b6>","f0 9f 94 b6","f0 9f 94 b6"
"419","LARGE RED CIRCLE ","🔴","F0 9F 94 B4","<ed><a0><bd><ed><b4><b4>","f0 9f 94 b4","f0 9f 94 b4"
"420","LAST QUARTER MOON SYMBOL ","🌗","F0 9F 8C 97","<ed><a0><bc><ed><bc><97>","f0 9f 8c 97","f0 9f 8c 97"
"421","LAST QUARTER MOON WITH FACE ","🌜","F0 9F 8C 9C","<ed><a0><bc><ed><bc><9c>","f0 9f 8c 9c","f0 9f 8c 9c"
"422","LEAF FLUTTERING IN WIND ","🍃","F0 9F 8D 83","<ed><a0><bc><ed><bd><83>","f0 9f 8d 83","f0 9f 8d 83"
"423","LEDGER ","📒","F0 9F 93 92","<ed><a0><bd><ed><b3><92>","f0 9f 93 92","f0 9f 93 92"
"424","LEFT LUGGAGE ","🛅","F0 9F 9B 85","<ed><a0><bd><ed><bb><85>","f0 9f 9b 85","f0 9f 9b 85"
"425","LEFT RIGHT ARROW ","↔","E2 86 94","<e2><86><94>","e2 86 94","e2 86 94"
"426","LEFT-POINTING MAGNIFYING GLASS ","🔍","F0 9F 94 8D","<ed><a0><bd><ed><b4><8d>","f0 9f 94 8d","f0 9f 94 8d"
"427","LEFTWARDS ARROW WITH HOOK ","↩","E2 86 A9","<e2><86><a9>","e2 86 a9","e2 86 a9"
"428","LEFTWARDS BLACK ARROW ","⬅","E2 AC 85","<e2><ac><85>","e2 ac 85","e2 ac 85"
"429","LEMON ","🍋","F0 9F 8D 8B","<ed><a0><bc><ed><bd><8b>","f0 9f 8d 8b","f0 9f 8d 8b"
"430","LEO ","♌","E2 99 8C","<e2><99><8c>","e2 99 8c","e2 99 8c"
"431","LEOPARD ","🐆","F0 9F 90 86","<ed><a0><bd><ed><b0><86>","f0 9f 90 86","f0 9f 90 86"
"432","LIBRA ","♎","E2 99 8E","<e2><99><8e>","e2 99 8e","e2 99 8e"
"433","LIGHT RAIL ","🚈","F0 9F 9A 88","<ed><a0><bd><ed><ba><88>","f0 9f 9a 88","f0 9f 9a 88"
"434","LINK SYMBOL ","🔗","F0 9F 94 97","<ed><a0><bd><ed><b4><97>","f0 9f 94 97","f0 9f 94 97"
"435","LIPSTICK ","💄","F0 9F 92 84","<ed><a0><bd><ed><b2><84>","f0 9f 92 84","f0 9f 92 84"
"436","LOCK ","🔒","F0 9F 94 92","<ed><a0><bd><ed><b4><92>","f0 9f 94 92","f0 9f 94 92"
"437","LOCK WITH INK PEN ","🔏","F0 9F 94 8F","<ed><a0><bd><ed><b4><8f>","f0 9f 94 8f","f0 9f 94 8f"
"438","LOLLIPOP ","🍭","F0 9F 8D AD","<ed><a0><bc><ed><bd><ad>","f0 9f 8d ad","f0 9f 8d ad"
"439","LOUDLY CRYING FACE ","😭","F0 9F 98 AD","<ed><a0><bd><ed><b8><ad>","f0 9f 98 ad","f0 9f 98 ad"
"440","LOVE HOTEL ","🏩","F0 9F 8F A9","<ed><a0><bc><ed><bf><a9>","f0 9f 8f a9","f0 9f 8f a9"
"441","LOVE LETTER ","💌","F0 9F 92 8C","<ed><a0><bd><ed><b2><8c>","f0 9f 92 8c","f0 9f 92 8c"
"442","LOW BRIGHTNESS SYMBOL ","🔅","F0 9F 94 85","<ed><a0><bd><ed><b4><85>","f0 9f 94 85","f0 9f 94 85"
"443","MAHJONG TILE RED DRAGON ","🀄","F0 9F 80 84","<ed><a0><bc><ed><b0><84>","f0 9f 80 84","f0 9f 80 84"
"444","MAN ","👨","F0 9F 91 A8","<ed><a0><bd><ed><b1><a8>","f0 9f 91 a8","f0 9f 91 a8"
"445","MAN AND WOMAN HOLDING HANDS ","👫","F0 9F 91 AB","<ed><a0><bd><ed><b1><ab>","f0 9f 91 ab","f0 9f 91 ab"
"446","MAN WITH GUA PI MAO ","👲","F0 9F 91 B2","<ed><a0><bd><ed><b1><b2>","f0 9f 91 b2","f0 9f 91 b2"
"447","MAN WITH TURBAN ","👳","F0 9F 91 B3","<ed><a0><bd><ed><b1><b3>","f0 9f 91 b3","f0 9f 91 b3"
"448","MANS SHOE ","👞","F0 9F 91 9E","<ed><a0><bd><ed><b1><9e>","f0 9f 91 9e","f0 9f 91 9e"
"449","MAPLE LEAF ","🍁","F0 9F 8D 81","<ed><a0><bc><ed><bd><81>","f0 9f 8d 81","f0 9f 8d 81"
"450","MEAT ON BONE ","🍖","F0 9F 8D 96","<ed><a0><bc><ed><bd><96>","f0 9f 8d 96","f0 9f 8d 96"
"451","MEDIUM BLACK CIRCLE ","⚫","E2 9A AB","<e2><9a><ab>","e2 9a ab","e2 9a ab"
"452","MEDIUM WHITE CIRCLE ","⚪","E2 9A AA","<e2><9a><aa>","e2 9a aa","e2 9a aa"
"453","MELON ","🍈","F0 9F 8D 88","<ed><a0><bc><ed><bd><88>","f0 9f 8d 88","f0 9f 8d 88"
"454","MEMO ","📝","F0 9F 93 9D","<ed><a0><bd><ed><b3><9d>","f0 9f 93 9d","f0 9f 93 9d"
"455","MENS SYMBOL ","🚹","F0 9F 9A B9","<ed><a0><bd><ed><ba><b9>","f0 9f 9a b9","f0 9f 9a b9"
"456","METRO ","🚇","F0 9F 9A 87","<ed><a0><bd><ed><ba><87>","f0 9f 9a 87","f0 9f 9a 87"
"457","MICROPHONE ","🎤","F0 9F 8E A4","<ed><a0><bc><ed><be><a4>","f0 9f 8e a4","f0 9f 8e a4"
"458","MICROSCOPE ","🔬","F0 9F 94 AC","<ed><a0><bd><ed><b4><ac>","f0 9f 94 ac","f0 9f 94 ac"
"459","MILKY WAY ","🌌","F0 9F 8C 8C","<ed><a0><bc><ed><bc><8c>","f0 9f 8c 8c","f0 9f 8c 8c"
"460","MINIBUS ","🚐","F0 9F 9A 90","<ed><a0><bd><ed><ba><90>","f0 9f 9a 90","f0 9f 9a 90"
"461","MINIDISC ","💽","F0 9F 92 BD","<ed><a0><bd><ed><b2><bd>","f0 9f 92 bd","f0 9f 92 bd"
"462","MOBILE PHONE ","📱","F0 9F 93 B1","<ed><a0><bd><ed><b3><b1>","f0 9f 93 b1","f0 9f 93 b1"
"463","MOBILE PHONE OFF ","📴","F0 9F 93 B4","<ed><a0><bd><ed><b3><b4>","f0 9f 93 b4","f0 9f 93 b4"
"464","MOBILE PHONE WITH RIGHTWARDS ARROW AT LEFT ","📲","F0 9F 93 B2","<ed><a0><bd><ed><b3><b2>","f0 9f 93 b2","f0 9f 93 b2"
"465","MONEY BAG ","💰","F0 9F 92 B0","<ed><a0><bd><ed><b2><b0>","f0 9f 92 b0","f0 9f 92 b0"
"466","MONEY WITH WINGS ","💸","F0 9F 92 B8","<ed><a0><bd><ed><b2><b8>","f0 9f 92 b8","f0 9f 92 b8"
"467","MONKEY ","🐒","F0 9F 90 92","<ed><a0><bd><ed><b0><92>","f0 9f 90 92","f0 9f 90 92"
"468","MONKEY FACE ","🐵","F0 9F 90 B5","<ed><a0><bd><ed><b0><b5>","f0 9f 90 b5","f0 9f 90 b5"
"469","MONORAIL ","🚝","F0 9F 9A 9D","<ed><a0><bd><ed><ba><9d>","f0 9f 9a 9d","f0 9f 9a 9d"
"470","MOON VIEWING CEREMONY ","🎑","F0 9F 8E 91","<ed><a0><bc><ed><be><91>","f0 9f 8e 91","f0 9f 8e 91"
"471","MOUNT FUJI ","🗻","F0 9F 97 BB","<ed><a0><bd><ed><b7><bb>","f0 9f 97 bb","f0 9f 97 bb"
"472","MOUNTAIN BICYCLIST ","🚵","F0 9F 9A B5","<ed><a0><bd><ed><ba><b5>","f0 9f 9a b5","f0 9f 9a b5"
"473","MOUNTAIN CABLEWAY ","🚠","F0 9F 9A A0","<ed><a0><bd><ed><ba><a0>","f0 9f 9a a0","f0 9f 9a a0"
"474","MOUNTAIN RAILWAY ","🚞","F0 9F 9A 9E","<ed><a0><bd><ed><ba><9e>","f0 9f 9a 9e","f0 9f 9a 9e"
"475","MOUSE ","🐁","F0 9F 90 81","<ed><a0><bd><ed><b0><81>","f0 9f 90 81","f0 9f 90 81"
"476","MOUSE FACE ","🐭","F0 9F 90 AD","<ed><a0><bd><ed><b0><ad>","f0 9f 90 ad","f0 9f 90 ad"
"477","MOUTH ","👄","F0 9F 91 84","<ed><a0><bd><ed><b1><84>","f0 9f 91 84","f0 9f 91 84"
"478","MOVIE CAMERA ","🎥","F0 9F 8E A5","<ed><a0><bc><ed><be><a5>","f0 9f 8e a5","f0 9f 8e a5"
"479","MOYAI ","🗿","F0 9F 97 BF","<ed><a0><bd><ed><b7><bf>","f0 9f 97 bf","f0 9f 97 bf"
"480","MULTIPLE MUSICAL NOTES ","🎶","F0 9F 8E B6","<ed><a0><bc><ed><be><b6>","f0 9f 8e b6","f0 9f 8e b6"
"481","MUSHROOM ","🍄","F0 9F 8D 84","<ed><a0><bc><ed><bd><84>","f0 9f 8d 84","f0 9f 8d 84"
"482","MUSICAL KEYBOARD ","🎹","F0 9F 8E B9","<ed><a0><bc><ed><be><b9>","f0 9f 8e b9","f0 9f 8e b9"
"483","MUSICAL NOTE ","🎵","F0 9F 8E B5","<ed><a0><bc><ed><be><b5>","f0 9f 8e b5","f0 9f 8e b5"
"484","MUSICAL SCORE ","🎼","F0 9F 8E BC","<ed><a0><bc><ed><be><bc>","f0 9f 8e bc","f0 9f 8e bc"
"485","NAIL POLISH ","💅","F0 9F 92 85","<ed><a0><bd><ed><b2><85>","f0 9f 92 85","f0 9f 92 85"
"486","NAME BADGE ","📛","F0 9F 93 9B","<ed><a0><bd><ed><b3><9b>","f0 9f 93 9b","f0 9f 93 9b"
"487","NECKTIE ","👔","F0 9F 91 94","<ed><a0><bd><ed><b1><94>","f0 9f 91 94","f0 9f 91 94"
"488","NEGATIVE SQUARED AB ","🆎","F0 9F 86 8E","<ed><a0><bc><ed><b6><8e>","f0 9f 86 8e","f0 9f 86 8e"
"489","NEGATIVE SQUARED CROSS MARK ","❎","E2 9D 8E","<e2><9d><8e>","e2 9d 8e","e2 9d 8e"
"490","NEGATIVE SQUARED LATIN CAPITAL LETTER A ","🅰","F0 9F 85 B0","<ed><a0><bc><ed><b5><b0>","f0 9f 85 b0","f0 9f 85 b0"
"491","NEGATIVE SQUARED LATIN CAPITAL LETTER B ","🅱","F0 9F 85 B1","<ed><a0><bc><ed><b5><b1>","f0 9f 85 b1","f0 9f 85 b1"
"492","NEGATIVE SQUARED LATIN CAPITAL LETTER O ","🅾","F0 9F 85 BE","<ed><a0><bc><ed><b5><be>","f0 9f 85 be","f0 9f 85 be"
"493","NEGATIVE SQUARED LATIN CAPITAL LETTER P ","🅿","F0 9F 85 BF","<ed><a0><bc><ed><b5><bf>","f0 9f 85 bf","f0 9f 85 bf"
"494","NEUTRAL FACE ","😐","F0 9F 98 90","<ed><a0><bd><ed><b8><90>","f0 9f 98 90","f0 9f 98 90"
"495","NEW MOON SYMBOL ","🌑","F0 9F 8C 91","<ed><a0><bc><ed><bc><91>","f0 9f 8c 91","f0 9f 8c 91"
"496","NEW MOON WITH FACE ","🌚","F0 9F 8C 9A","<ed><a0><bc><ed><bc><9a>","f0 9f 8c 9a","f0 9f 8c 9a"
"497","NEWSPAPER ","📰","F0 9F 93 B0","<ed><a0><bd><ed><b3><b0>","f0 9f 93 b0","f0 9f 93 b0"
"498","NIGHT WITH STARS ","🌃","F0 9F 8C 83","<ed><a0><bc><ed><bc><83>","f0 9f 8c 83","f0 9f 8c 83"
"499","NO BICYCLES ","🚳","F0 9F 9A B3","<ed><a0><bd><ed><ba><b3>","f0 9f 9a b3","f0 9f 9a b3"
"500","NO ENTRY ","⛔","E2 9B 94","<e2><9b><94>","e2 9b 94","e2 9b 94"
"501","NO ENTRY SIGN ","🚫","F0 9F 9A AB","<ed><a0><bd><ed><ba><ab>","f0 9f 9a ab","f0 9f 9a ab"
"502","NO MOBILE PHONES ","📵","F0 9F 93 B5","<ed><a0><bd><ed><b3><b5>","f0 9f 93 b5","f0 9f 93 b5"
"503","NO ONE UNDER EIGHTEEN SYMBOL ","🔞","F0 9F 94 9E","<ed><a0><bd><ed><b4><9e>","f0 9f 94 9e","f0 9f 94 9e"
"504","NO PEDESTRIANS ","🚷","F0 9F 9A B7","<ed><a0><bd><ed><ba><b7>","f0 9f 9a b7","f0 9f 9a b7"
"505","NO SMOKING SYMBOL ","🚭","F0 9F 9A AD","<ed><a0><bd><ed><ba><ad>","f0 9f 9a ad","f0 9f 9a ad"
"506","NON-POTABLE WATER SYMBOL ","🚱","F0 9F 9A B1","<ed><a0><bd><ed><ba><b1>","f0 9f 9a b1","f0 9f 9a b1"
"507","NORTH EAST ARROW ","↗","E2 86 97","<e2><86><97>","e2 86 97","e2 86 97"
"508","NORTH WEST ARROW ","↖","E2 86 96","<e2><86><96>","e2 86 96","e2 86 96"
"509","NOSE ","👃","F0 9F 91 83","<ed><a0><bd><ed><b1><83>","f0 9f 91 83","f0 9f 91 83"
"510","NOTEBOOK ","📓","F0 9F 93 93","<ed><a0><bd><ed><b3><93>","f0 9f 93 93","f0 9f 93 93"
"511","NOTEBOOK WITH DECORATIVE COVER ","📔","F0 9F 93 94","<ed><a0><bd><ed><b3><94>","f0 9f 93 94","f0 9f 93 94"
"512","NUMBER SIGN + COMBINING ENCLOSING KEYCAP ","#⃣","23 E2 83 A3","#<e2><83><a3>","23 e2 83 a3","23 e2 83 a3"
"513","NUT AND BOLT ","🔩","F0 9F 94 A9","<ed><a0><bd><ed><b4><a9>","f0 9f 94 a9","f0 9f 94 a9"
"514","OCTOPUS ","🐙","F0 9F 90 99","<ed><a0><bd><ed><b0><99>","f0 9f 90 99","f0 9f 90 99"
"515","ODEN ","🍢","F0 9F 8D A2","<ed><a0><bc><ed><bd><a2>","f0 9f 8d a2","f0 9f 8d a2"
"516","OFFICE BUILDING ","🏢","F0 9F 8F A2","<ed><a0><bc><ed><bf><a2>","f0 9f 8f a2","f0 9f 8f a2"
"517","OK HAND SIGN ","👌","F0 9F 91 8C","<ed><a0><bd><ed><b1><8c>","f0 9f 91 8c","f0 9f 91 8c"
"518","OLDER MAN ","👴","F0 9F 91 B4","<ed><a0><bd><ed><b1><b4>","f0 9f 91 b4","f0 9f 91 b4"
"519","OLDER WOMAN ","👵","F0 9F 91 B5","<ed><a0><bd><ed><b1><b5>","f0 9f 91 b5","f0 9f 91 b5"
"520","ON WITH EXCLAMATION MARK WITH LEFT RIGHT ARROW ABOVE ","🔛","F0 9F 94 9B","<ed><a0><bd><ed><b4><9b>","f0 9f 94 9b","f0 9f 94 9b"
"521","ONCOMING AUTOMOBILE ","🚘","F0 9F 9A 98","<ed><a0><bd><ed><ba><98>","f0 9f 9a 98","f0 9f 9a 98"
"522","ONCOMING BUS ","🚍","F0 9F 9A 8D","<ed><a0><bd><ed><ba><8d>","f0 9f 9a 8d","f0 9f 9a 8d"
"523","ONCOMING POLICE CAR ","🚔","F0 9F 9A 94","<ed><a0><bd><ed><ba><94>","f0 9f 9a 94","f0 9f 9a 94"
"524","ONCOMING TAXI ","🚖","F0 9F 9A 96","<ed><a0><bd><ed><ba><96>","f0 9f 9a 96","f0 9f 9a 96"
"525","OPEN BOOK ","📖","F0 9F 93 96","<ed><a0><bd><ed><b3><96>","f0 9f 93 96","f0 9f 93 96"
"526","OPEN FILE FOLDER ","📂","F0 9F 93 82","<ed><a0><bd><ed><b3><82>","f0 9f 93 82","f0 9f 93 82"
"527","OPEN HANDS SIGN ","👐","F0 9F 91 90","<ed><a0><bd><ed><b1><90>","f0 9f 91 90","f0 9f 91 90"
"528","OPEN LOCK ","🔓","F0 9F 94 93","<ed><a0><bd><ed><b4><93>","f0 9f 94 93","f0 9f 94 93"
"529","OPEN MAILBOX WITH LOWERED FLAG ","📭","F0 9F 93 AD","<ed><a0><bd><ed><b3><ad>","f0 9f 93 ad","f0 9f 93 ad"
"530","OPEN MAILBOX WITH RAISED FLAG ","📬","F0 9F 93 AC","<ed><a0><bd><ed><b3><ac>","f0 9f 93 ac","f0 9f 93 ac"
"531","OPHIUCHUS ","⛎","E2 9B 8E","<e2><9b><8e>","e2 9b 8e","e2 9b 8e"
"532","OPTICAL DISC ","💿","F0 9F 92 BF","<ed><a0><bd><ed><b2><bf>","f0 9f 92 bf","f0 9f 92 bf"
"533","ORANGE BOOK ","📙","F0 9F 93 99","<ed><a0><bd><ed><b3><99>","f0 9f 93 99","f0 9f 93 99"
"534","OUTBOX TRAY ","📤","F0 9F 93 A4","<ed><a0><bd><ed><b3><a4>","f0 9f 93 a4","f0 9f 93 a4"
"535","OX ","🐂","F0 9F 90 82","<ed><a0><bd><ed><b0><82>","f0 9f 90 82","f0 9f 90 82"
"536","PACKAGE ","📦","F0 9F 93 A6","<ed><a0><bd><ed><b3><a6>","f0 9f 93 a6","f0 9f 93 a6"
"537","PAGE FACING UP ","📄","F0 9F 93 84","<ed><a0><bd><ed><b3><84>","f0 9f 93 84","f0 9f 93 84"
"538","PAGE WITH CURL ","📃","F0 9F 93 83","<ed><a0><bd><ed><b3><83>","f0 9f 93 83","f0 9f 93 83"
"539","PAGER ","📟","F0 9F 93 9F","<ed><a0><bd><ed><b3><9f>","f0 9f 93 9f","f0 9f 93 9f"
"540","PALM TREE ","🌴","F0 9F 8C B4","<ed><a0><bc><ed><bc><b4>","f0 9f 8c b4","f0 9f 8c b4"
"541","PANDA FACE ","🐼","F0 9F 90 BC","<ed><a0><bd><ed><b0><bc>","f0 9f 90 bc","f0 9f 90 bc"
"542","PAPERCLIP ","📎","F0 9F 93 8E","<ed><a0><bd><ed><b3><8e>","f0 9f 93 8e","f0 9f 93 8e"
"543","PART ALTERNATION MARK ","〽","E3 80 BD","<e3><80><bd>","e3 80 bd","e3 80 bd"
"544","PARTY POPPER ","🎉","F0 9F 8E 89","<ed><a0><bc><ed><be><89>","f0 9f 8e 89","f0 9f 8e 89"
"545","PASSPORT CONTROL ","🛂","F0 9F 9B 82","<ed><a0><bd><ed><bb><82>","f0 9f 9b 82","f0 9f 9b 82"
"546","PAW PRINTS ","🐾","F0 9F 90 BE","<ed><a0><bd><ed><b0><be>","f0 9f 90 be","f0 9f 90 be"
"547","PEACH ","🍑","F0 9F 8D 91","<ed><a0><bc><ed><bd><91>","f0 9f 8d 91","f0 9f 8d 91"
"548","PEAR ","🍐","F0 9F 8D 90","<ed><a0><bc><ed><bd><90>","f0 9f 8d 90","f0 9f 8d 90"
"549","PEDESTRIAN ","🚶","F0 9F 9A B6","<ed><a0><bd><ed><ba><b6>","f0 9f 9a b6","f0 9f 9a b6"
"550","PENCIL ","✏","E2 9C 8F","<e2><9c><8f>","e2 9c 8f","e2 9c 8f"
"551","PENGUIN ","🐧","F0 9F 90 A7","<ed><a0><bd><ed><b0><a7>","f0 9f 90 a7","f0 9f 90 a7"
"552","PENSIVE FACE ","😔","F0 9F 98 94","<ed><a0><bd><ed><b8><94>","f0 9f 98 94","f0 9f 98 94"
"553","PERFORMING ARTS ","🎭","F0 9F 8E AD","<ed><a0><bc><ed><be><ad>","f0 9f 8e ad","f0 9f 8e ad"
"554","PERSEVERING FACE ","😣","F0 9F 98 A3","<ed><a0><bd><ed><b8><a3>","f0 9f 98 a3","f0 9f 98 a3"
"555","PERSON BOWING DEEPLY ","🙇","F0 9F 99 87","<ed><a0><bd><ed><b9><87>","f0 9f 99 87","f0 9f 99 87"
"556","PERSON FROWNING ","🙍","F0 9F 99 8D","<ed><a0><bd><ed><b9><8d>","f0 9f 99 8d","f0 9f 99 8d"
"557","PERSON RAISING BOTH HANDS IN CELEBRATION ","🙌","F0 9F 99 8C","<ed><a0><bd><ed><b9><8c>","f0 9f 99 8c","f0 9f 99 8c"
"558","PERSON WITH BLOND HAIR ","👱","F0 9F 91 B1","<ed><a0><bd><ed><b1><b1>","f0 9f 91 b1","f0 9f 91 b1"
"559","PERSON WITH FOLDED HANDS ","🙏","F0 9F 99 8F","<ed><a0><bd><ed><b9><8f>","f0 9f 99 8f","f0 9f 99 8f"
"560","PERSON WITH POUTING FACE ","🙎","F0 9F 99 8E","<ed><a0><bd><ed><b9><8e>","f0 9f 99 8e","f0 9f 99 8e"
"561","PERSONAL COMPUTER ","💻","F0 9F 92 BB","<ed><a0><bd><ed><b2><bb>","f0 9f 92 bb","f0 9f 92 bb"
"562","PIG ","🐖","F0 9F 90 96","<ed><a0><bd><ed><b0><96>","f0 9f 90 96","f0 9f 90 96"
"563","PIG FACE ","🐷","F0 9F 90 B7","<ed><a0><bd><ed><b0><b7>","f0 9f 90 b7","f0 9f 90 b7"
"564","PIG NOSE ","🐽","F0 9F 90 BD","<ed><a0><bd><ed><b0><bd>","f0 9f 90 bd","f0 9f 90 bd"
"565","PILE OF POO ","💩","F0 9F 92 A9","<ed><a0><bd><ed><b2><a9>","f0 9f 92 a9","f0 9f 92 a9"
"566","PILL ","💊","F0 9F 92 8A","<ed><a0><bd><ed><b2><8a>","f0 9f 92 8a","f0 9f 92 8a"
"567","PINE DECORATION ","🎍","F0 9F 8E 8D","<ed><a0><bc><ed><be><8d>","f0 9f 8e 8d","f0 9f 8e 8d"
"568","PINEAPPLE ","🍍","F0 9F 8D 8D","<ed><a0><bc><ed><bd><8d>","f0 9f 8d 8d","f0 9f 8d 8d"
"569","PISCES ","♓","E2 99 93","<e2><99><93>","e2 99 93","e2 99 93"
"570","PISTOL ","🔫","F0 9F 94 AB","<ed><a0><bd><ed><b4><ab>","f0 9f 94 ab","f0 9f 94 ab"
"571","PLAYING CARD BLACK JOKER ","🃏","F0 9F 83 8F","<ed><a0><bc><ed><b3><8f>","f0 9f 83 8f","f0 9f 83 8f"
"572","POLICE CAR ","🚓","F0 9F 9A 93","<ed><a0><bd><ed><ba><93>","f0 9f 9a 93","f0 9f 9a 93"
"573","POLICE CARS REVOLVING LIGHT ","🚨","F0 9F 9A A8","<ed><a0><bd><ed><ba><a8>","f0 9f 9a a8","f0 9f 9a a8"
"574","POLICE OFFICER ","👮","F0 9F 91 AE","<ed><a0><bd><ed><b1><ae>","f0 9f 91 ae","f0 9f 91 ae"
"575","POODLE ","🐩","F0 9F 90 A9","<ed><a0><bd><ed><b0><a9>","f0 9f 90 a9","f0 9f 90 a9"
"576","POSTAL HORN ","📯","F0 9F 93 AF","<ed><a0><bd><ed><b3><af>","f0 9f 93 af","f0 9f 93 af"
"577","POSTBOX ","📮","F0 9F 93 AE","<ed><a0><bd><ed><b3><ae>","f0 9f 93 ae","f0 9f 93 ae"
"578","POT OF FOOD ","🍲","F0 9F 8D B2","<ed><a0><bc><ed><bd><b2>","f0 9f 8d b2","f0 9f 8d b2"
"579","POTABLE WATER SYMBOL ","🚰","F0 9F 9A B0","<ed><a0><bd><ed><ba><b0>","f0 9f 9a b0","f0 9f 9a b0"
"580","POUCH ","👝","F0 9F 91 9D","<ed><a0><bd><ed><b1><9d>","f0 9f 91 9d","f0 9f 91 9d"
"581","POULTRY LEG ","🍗","F0 9F 8D 97","<ed><a0><bc><ed><bd><97>","f0 9f 8d 97","f0 9f 8d 97"
"582","POUTING CAT FACE ","😾","F0 9F 98 BE","<ed><a0><bd><ed><b8><be>","f0 9f 98 be","f0 9f 98 be"
"583","POUTING FACE ","😡","F0 9F 98 A1","<ed><a0><bd><ed><b8><a1>","f0 9f 98 a1","f0 9f 98 a1"
"584","PRINCESS ","👸","F0 9F 91 B8","<ed><a0><bd><ed><b1><b8>","f0 9f 91 b8","f0 9f 91 b8"
"585","PUBLIC ADDRESS LOUDSPEAKER ","📢","F0 9F 93 A2","<ed><a0><bd><ed><b3><a2>","f0 9f 93 a2","f0 9f 93 a2"
"586","PURPLE HEART ","💜","F0 9F 92 9C","<ed><a0><bd><ed><b2><9c>","f0 9f 92 9c","f0 9f 92 9c"
"587","PURSE ","👛","F0 9F 91 9B","<ed><a0><bd><ed><b1><9b>","f0 9f 91 9b","f0 9f 91 9b"
"588","PUSHPIN ","📌","F0 9F 93 8C","<ed><a0><bd><ed><b3><8c>","f0 9f 93 8c","f0 9f 93 8c"
"589","PUT LITTER IN ITS PLACE SYMBOL ","🚮","F0 9F 9A AE","<ed><a0><bd><ed><ba><ae>","f0 9f 9a ae","f0 9f 9a ae"
"590","RABBIT ","🐇","F0 9F 90 87","<ed><a0><bd><ed><b0><87>","f0 9f 90 87","f0 9f 90 87"
"591","RABBIT FACE ","🐰","F0 9F 90 B0","<ed><a0><bd><ed><b0><b0>","f0 9f 90 b0","f0 9f 90 b0"
"592","RADIO ","📻","F0 9F 93 BB","<ed><a0><bd><ed><b3><bb>","f0 9f 93 bb","f0 9f 93 bb"
"593","RADIO BUTTON ","🔘","F0 9F 94 98","<ed><a0><bd><ed><b4><98>","f0 9f 94 98","f0 9f 94 98"
"594","RAILWAY CAR ","🚃","F0 9F 9A 83","<ed><a0><bd><ed><ba><83>","f0 9f 9a 83","f0 9f 9a 83"
"595","RAINBOW ","🌈","F0 9F 8C 88","<ed><a0><bc><ed><bc><88>","f0 9f 8c 88","f0 9f 8c 88"
"596","RAISED FIST ","✊","E2 9C 8A","<e2><9c><8a>","e2 9c 8a","e2 9c 8a"
"597","RAISED HAND ","✋","E2 9C 8B","<e2><9c><8b>","e2 9c 8b","e2 9c 8b"
"598","RAM ","🐏","F0 9F 90 8F","<ed><a0><bd><ed><b0><8f>","f0 9f 90 8f","f0 9f 90 8f"
"599","RAT ","🐀","F0 9F 90 80","<ed><a0><bd><ed><b0><80>","f0 9f 90 80","f0 9f 90 80"
"600","RECREATIONAL VEHICLE ","🚙","F0 9F 9A 99","<ed><a0><bd><ed><ba><99>","f0 9f 9a 99","f0 9f 9a 99"
"601","RED APPLE ","🍎","F0 9F 8D 8E","<ed><a0><bc><ed><bd><8e>","f0 9f 8d 8e","f0 9f 8d 8e"
"602","REGIONAL INDICATOR SYMBOL LETTER C + REGIONAL INDICATOR SYMBOL LETTER N ","🇨🇳","F0 9F 87 A8 F0 9F 87 B3","<ed><a0><bc><ed><b7><a8><ed><a0><bc><ed><b7><b3>","f0 9f 87 a8 f0 9f 87 b3","f0 9f 87 a8 f0 9f 87 b3"
"603","REGIONAL INDICATOR SYMBOL LETTER D + REGIONAL INDICATOR SYMBOL LETTER E ","🇩🇪","F0 9F 87 A9 F0 9F 87 AA","<ed><a0><bc><ed><b7><a9><ed><a0><bc><ed><b7><aa>","f0 9f 87 a9 f0 9f 87 aa","f0 9f 87 a9 f0 9f 87 aa"
"604","REGIONAL INDICATOR SYMBOL LETTER E + REGIONAL INDICATOR SYMBOL LETTER S ","🇪🇸","F0 9F 87 AA F0 9F 87 B8","<ed><a0><bc><ed><b7><aa><ed><a0><bc><ed><b7><b8>","f0 9f 87 aa f0 9f 87 b8","f0 9f 87 aa f0 9f 87 b8"
"605","REGIONAL INDICATOR SYMBOL LETTER F + REGIONAL INDICATOR SYMBOL LETTER R ","🇫🇷","F0 9F 87 AB F0 9F 87 B7","<ed><a0><bc><ed><b7><ab><ed><a0><bc><ed><b7><b7>","f0 9f 87 ab f0 9f 87 b7","f0 9f 87 ab f0 9f 87 b7"
"606","REGIONAL INDICATOR SYMBOL LETTER G + REGIONAL INDICATOR SYMBOL LETTER B ","🇬🇧","F0 9F 87 AC F0 9F 87 A7","<ed><a0><bc><ed><b7><ac><ed><a0><bc><ed><b7><a7>","f0 9f 87 ac f0 9f 87 a7","f0 9f 87 ac f0 9f 87 a7"
"607","REGIONAL INDICATOR SYMBOL LETTER I + REGIONAL INDICATOR SYMBOL LETTER T ","🇮🇹","F0 9F 87 AE F0 9F 87 B9","<ed><a0><bc><ed><b7><ae><ed><a0><bc><ed><b7><b9>","f0 9f 87 ae f0 9f 87 b9","f0 9f 87 ae f0 9f 87 b9"
"608","REGIONAL INDICATOR SYMBOL LETTER J + REGIONAL INDICATOR SYMBOL LETTER P ","🇯🇵","F0 9F 87 AF F0 9F 87 B5","<ed><a0><bc><ed><b7><af><ed><a0><bc><ed><b7><b5>","f0 9f 87 af f0 9f 87 b5","f0 9f 87 af f0 9f 87 b5"
"609","REGIONAL INDICATOR SYMBOL LETTER K + REGIONAL INDICATOR SYMBOL LETTER R ","🇰🇷","F0 9F 87 B0 F0 9F 87 B7","<ed><a0><bc><ed><b7><b0><ed><a0><bc><ed><b7><b7>","f0 9f 87 b0 f0 9f 87 b7","f0 9f 87 b0 f0 9f 87 b7"
"610","REGIONAL INDICATOR SYMBOL LETTER R + REGIONAL INDICATOR SYMBOL LETTER U ","🇷🇺","F0 9F 87 B7 F0 9F 87 BA","<ed><a0><bc><ed><b7><b7><ed><a0><bc><ed><b7><ba>","f0 9f 87 b7 f0 9f 87 ba","f0 9f 87 b7 f0 9f 87 ba"
"611","REGIONAL INDICATOR SYMBOL LETTER U + REGIONAL INDICATOR SYMBOL LETTER S ","🇺🇸","F0 9F 87 BA F0 9F 87 B8","<ed><a0><bc><ed><b7><ba><ed><a0><bc><ed><b7><b8>","f0 9f 87 ba f0 9f 87 b8","f0 9f 87 ba f0 9f 87 b8"
"612","REGISTERED SIGN ","®","C2 AE","<c2><ae>","c2 ae","c2 ae"
"613","RELIEVED FACE ","😌","F0 9F 98 8C","<ed><a0><bd><ed><b8><8c>","f0 9f 98 8c","f0 9f 98 8c"
"614","RESTROOM ","🚻","F0 9F 9A BB","<ed><a0><bd><ed><ba><bb>","f0 9f 9a bb","f0 9f 9a bb"
"615","REVOLVING HEARTS ","💞","F0 9F 92 9E","<ed><a0><bd><ed><b2><9e>","f0 9f 92 9e","f0 9f 92 9e"
"616","RIBBON ","🎀","F0 9F 8E 80","<ed><a0><bc><ed><be><80>","f0 9f 8e 80","f0 9f 8e 80"
"617","RICE BALL ","🍙","F0 9F 8D 99","<ed><a0><bc><ed><bd><99>","f0 9f 8d 99","f0 9f 8d 99"
"618","RICE CRACKER ","🍘","F0 9F 8D 98","<ed><a0><bc><ed><bd><98>","f0 9f 8d 98","f0 9f 8d 98"
"619","RIGHT-POINTING MAGNIFYING GLASS ","🔎","F0 9F 94 8E","<ed><a0><bd><ed><b4><8e>","f0 9f 94 8e","f0 9f 94 8e"
"620","RIGHTWARDS ARROW WITH HOOK ","↪","E2 86 AA","<e2><86><aa>","e2 86 aa","e2 86 aa"
"621","RING ","💍","F0 9F 92 8D","<ed><a0><bd><ed><b2><8d>","f0 9f 92 8d","f0 9f 92 8d"
"622","ROASTED SWEET POTATO ","🍠","F0 9F 8D A0","<ed><a0><bc><ed><bd><a0>","f0 9f 8d a0","f0 9f 8d a0"
"623","ROCKET ","🚀","F0 9F 9A 80","<ed><a0><bd><ed><ba><80>","f0 9f 9a 80","f0 9f 9a 80"
"624","ROLLER COASTER ","🎢","F0 9F 8E A2","<ed><a0><bc><ed><be><a2>","f0 9f 8e a2","f0 9f 8e a2"
"625","ROOSTER ","🐓","F0 9F 90 93","<ed><a0><bd><ed><b0><93>","f0 9f 90 93","f0 9f 90 93"
"626","ROSE ","🌹","F0 9F 8C B9","<ed><a0><bc><ed><bc><b9>","f0 9f 8c b9","f0 9f 8c b9"
"627","ROUND PUSHPIN ","📍","F0 9F 93 8D","<ed><a0><bd><ed><b3><8d>","f0 9f 93 8d","f0 9f 93 8d"
"628","ROWBOAT ","🚣","F0 9F 9A A3","<ed><a0><bd><ed><ba><a3>","f0 9f 9a a3","f0 9f 9a a3"
"629","RUGBY FOOTBALL ","🏉","F0 9F 8F 89","<ed><a0><bc><ed><bf><89>","f0 9f 8f 89","f0 9f 8f 89"
"630","RUNNER ","🏃","F0 9F 8F 83","<ed><a0><bc><ed><bf><83>","f0 9f 8f 83","f0 9f 8f 83"
"631","RUNNING SHIRT WITH SASH ","🎽","F0 9F 8E BD","<ed><a0><bc><ed><be><bd>","f0 9f 8e bd","f0 9f 8e bd"
"632","SAGITTARIUS ","♐","E2 99 90","<e2><99><90>","e2 99 90","e2 99 90"
"633","SAILBOAT ","⛵","E2 9B B5","<e2><9b><b5>","e2 9b b5","e2 9b b5"
"634","SAKE BOTTLE AND CUP ","🍶","F0 9F 8D B6","<ed><a0><bc><ed><bd><b6>","f0 9f 8d b6","f0 9f 8d b6"
"635","SATELLITE ANTENNA ","📡","F0 9F 93 A1","<ed><a0><bd><ed><b3><a1>","f0 9f 93 a1","f0 9f 93 a1"
"636","SAXOPHONE ","🎷","F0 9F 8E B7","<ed><a0><bc><ed><be><b7>","f0 9f 8e b7","f0 9f 8e b7"
"637","SCHOOL ","🏫","F0 9F 8F AB","<ed><a0><bc><ed><bf><ab>","f0 9f 8f ab","f0 9f 8f ab"
"638","SCHOOL SATCHEL ","🎒","F0 9F 8E 92","<ed><a0><bc><ed><be><92>","f0 9f 8e 92","f0 9f 8e 92"
"639","SCORPIUS ","♏","E2 99 8F","<e2><99><8f>","e2 99 8f","e2 99 8f"
"640","SCROLL ","📜","F0 9F 93 9C","<ed><a0><bd><ed><b3><9c>","f0 9f 93 9c","f0 9f 93 9c"
"641","SEAT ","💺","F0 9F 92 BA","<ed><a0><bd><ed><b2><ba>","f0 9f 92 ba","f0 9f 92 ba"
"642","SEE-NO-EVIL MONKEY ","🙈","F0 9F 99 88","<ed><a0><bd><ed><b9><88>","f0 9f 99 88","f0 9f 99 88"
"643","SEEDLING ","🌱","F0 9F 8C B1","<ed><a0><bc><ed><bc><b1>","f0 9f 8c b1","f0 9f 8c b1"
"644","SHAVED ICE ","🍧","F0 9F 8D A7","<ed><a0><bc><ed><bd><a7>","f0 9f 8d a7","f0 9f 8d a7"
"645","SHEEP ","🐑","F0 9F 90 91","<ed><a0><bd><ed><b0><91>","f0 9f 90 91","f0 9f 90 91"
"646","SHIP ","🚢","F0 9F 9A A2","<ed><a0><bd><ed><ba><a2>","f0 9f 9a a2","f0 9f 9a a2"
"647","SHOOTING STAR ","🌠","F0 9F 8C A0","<ed><a0><bc><ed><bc><a0>","f0 9f 8c a0","f0 9f 8c a0"
"648","SHORTCAKE ","🍰","F0 9F 8D B0","<ed><a0><bc><ed><bd><b0>","f0 9f 8d b0","f0 9f 8d b0"
"649","SHOWER ","🚿","F0 9F 9A BF","<ed><a0><bd><ed><ba><bf>","f0 9f 9a bf","f0 9f 9a bf"
"650","SILHOUETTE OF JAPAN ","🗾","F0 9F 97 BE","<ed><a0><bd><ed><b7><be>","f0 9f 97 be","f0 9f 97 be"
"651","SIX POINTED STAR WITH MIDDLE DOT ","🔯","F0 9F 94 AF","<ed><a0><bd><ed><b4><af>","f0 9f 94 af","f0 9f 94 af"
"652","SKI AND SKI BOOT ","🎿","F0 9F 8E BF","<ed><a0><bc><ed><be><bf>","f0 9f 8e bf","f0 9f 8e bf"
"653","SKULL ","💀","F0 9F 92 80","<ed><a0><bd><ed><b2><80>","f0 9f 92 80","f0 9f 92 80"
"654","SLEEPING FACE ","😴","F0 9F 98 B4","<ed><a0><bd><ed><b8><b4>","f0 9f 98 b4","f0 9f 98 b4"
"655","SLEEPING SYMBOL ","💤","F0 9F 92 A4","<ed><a0><bd><ed><b2><a4>","f0 9f 92 a4","f0 9f 92 a4"
"656","SLEEPY FACE ","😪","F0 9F 98 AA","<ed><a0><bd><ed><b8><aa>","f0 9f 98 aa","f0 9f 98 aa"
"657","SLICE OF PIZZA ","🍕","F0 9F 8D 95","<ed><a0><bc><ed><bd><95>","f0 9f 8d 95","f0 9f 8d 95"
"658","SLOT MACHINE ","🎰","F0 9F 8E B0","<ed><a0><bc><ed><be><b0>","f0 9f 8e b0","f0 9f 8e b0"
"659","SMALL BLUE DIAMOND ","🔹","F0 9F 94 B9","<ed><a0><bd><ed><b4><b9>","f0 9f 94 b9","f0 9f 94 b9"
"660","SMALL ORANGE DIAMOND ","🔸","F0 9F 94 B8","<ed><a0><bd><ed><b4><b8>","f0 9f 94 b8","f0 9f 94 b8"
"661","SMILING CAT FACE WITH HEART-SHAPED EYES ","😻","F0 9F 98 BB","<ed><a0><bd><ed><b8><bb>","f0 9f 98 bb","f0 9f 98 bb"
"662","SMILING CAT FACE WITH OPEN MOUTH ","😺","F0 9F 98 BA","<ed><a0><bd><ed><b8><ba>","f0 9f 98 ba","f0 9f 98 ba"
"663","SMILING FACE WITH HALO ","😇","F0 9F 98 87","<ed><a0><bd><ed><b8><87>","f0 9f 98 87","f0 9f 98 87"
"664","SMILING FACE WITH HEART-SHAPED EYES ","😍","F0 9F 98 8D","<ed><a0><bd><ed><b8><8d>","f0 9f 98 8d","f0 9f 98 8d"
"665","SMILING FACE WITH HORNS ","😈","F0 9F 98 88","<ed><a0><bd><ed><b8><88>","f0 9f 98 88","f0 9f 98 88"
"666","SMILING FACE WITH OPEN MOUTH ","😃","F0 9F 98 83","<ed><a0><bd><ed><b8><83>","f0 9f 98 83","f0 9f 98 83"
"667","SMILING FACE WITH OPEN MOUTH AND COLD SWEAT ","😅","F0 9F 98 85","<ed><a0><bd><ed><b8><85>","f0 9f 98 85","f0 9f 98 85"
"668","SMILING FACE WITH OPEN MOUTH AND SMILING EYES ","😄","F0 9F 98 84","<ed><a0><bd><ed><b8><84>","f0 9f 98 84","f0 9f 98 84"
"669","SMILING FACE WITH OPEN MOUTH AND TIGHTLY-CLOSED EYES ","😆","F0 9F 98 86","<ed><a0><bd><ed><b8><86>","f0 9f 98 86","f0 9f 98 86"
"670","SMILING FACE WITH SMILING EYES ","😊","F0 9F 98 8A","<ed><a0><bd><ed><b8><8a>","f0 9f 98 8a","f0 9f 98 8a"
"671","SMILING FACE WITH SUNGLASSES ","😎","F0 9F 98 8E","<ed><a0><bd><ed><b8><8e>","f0 9f 98 8e","f0 9f 98 8e"
"672","SMIRKING FACE ","😏","F0 9F 98 8F","<ed><a0><bd><ed><b8><8f>","f0 9f 98 8f","f0 9f 98 8f"
"673","SMOKING SYMBOL ","🚬","F0 9F 9A AC","<ed><a0><bd><ed><ba><ac>","f0 9f 9a ac","f0 9f 9a ac"
"674","SNAIL ","🐌","F0 9F 90 8C","<ed><a0><bd><ed><b0><8c>","f0 9f 90 8c","f0 9f 90 8c"
"675","SNAKE ","🐍","F0 9F 90 8D","<ed><a0><bd><ed><b0><8d>","f0 9f 90 8d","f0 9f 90 8d"
"676","SNOWBOARDER ","🏂","F0 9F 8F 82","<ed><a0><bc><ed><bf><82>","f0 9f 8f 82","f0 9f 8f 82"
"677","SNOWFLAKE ","❄","E2 9D 84","<e2><9d><84>","e2 9d 84","e2 9d 84"
"678","SNOWMAN WITHOUT SNOW ","⛄","E2 9B 84","<e2><9b><84>","e2 9b 84","e2 9b 84"
"679","SOCCER BALL ","⚽","E2 9A BD","<e2><9a><bd>","e2 9a bd","e2 9a bd"
"680","SOFT ICE CREAM ","🍦","F0 9F 8D A6","<ed><a0><bc><ed><bd><a6>","f0 9f 8d a6","f0 9f 8d a6"
"681","SOON WITH RIGHTWARDS ARROW ABOVE ","🔜","F0 9F 94 9C","<ed><a0><bd><ed><b4><9c>","f0 9f 94 9c","f0 9f 94 9c"
"682","SOUTH EAST ARROW ","↘","E2 86 98","<e2><86><98>","e2 86 98","e2 86 98"
"683","SOUTH WEST ARROW ","↙","E2 86 99","<e2><86><99>","e2 86 99","e2 86 99"
"684","SPAGHETTI ","🍝","F0 9F 8D 9D","<ed><a0><bc><ed><bd><9d>","f0 9f 8d 9d","f0 9f 8d 9d"
"685","SPARKLE ","❇","E2 9D 87","<e2><9d><87>","e2 9d 87","e2 9d 87"
"686","SPARKLES ","✨","E2 9C A8","<e2><9c><a8>","e2 9c a8","e2 9c a8"
"687","SPARKLING HEART ","💖","F0 9F 92 96","<ed><a0><bd><ed><b2><96>","f0 9f 92 96","f0 9f 92 96"
"688","SPEAK-NO-EVIL MONKEY ","🙊","F0 9F 99 8A","<ed><a0><bd><ed><b9><8a>","f0 9f 99 8a","f0 9f 99 8a"
"689","SPEAKER WITH CANCELLATION STROKE ","🔇","F0 9F 94 87","<ed><a0><bd><ed><b4><87>","f0 9f 94 87","f0 9f 94 87"
"690","SPEAKER WITH ONE SOUND WAVE ","🔉","F0 9F 94 89","<ed><a0><bd><ed><b4><89>","f0 9f 94 89","f0 9f 94 89"
"691","SPEAKER WITH THREE SOUND WAVES ","🔊","F0 9F 94 8A","<ed><a0><bd><ed><b4><8a>","f0 9f 94 8a","f0 9f 94 8a"
"692","SPEECH BALLOON ","💬","F0 9F 92 AC","<ed><a0><bd><ed><b2><ac>","f0 9f 92 ac","f0 9f 92 ac"
"693","SPEEDBOAT ","🚤","F0 9F 9A A4","<ed><a0><bd><ed><ba><a4>","f0 9f 9a a4","f0 9f 9a a4"
"694","SPIRAL SHELL ","🐚","F0 9F 90 9A","<ed><a0><bd><ed><b0><9a>","f0 9f 90 9a","f0 9f 90 9a"
"695","SPLASHING SWEAT SYMBOL ","💦","F0 9F 92 A6","<ed><a0><bd><ed><b2><a6>","f0 9f 92 a6","f0 9f 92 a6"
"696","SPOUTING WHALE ","🐳","F0 9F 90 B3","<ed><a0><bd><ed><b0><b3>","f0 9f 90 b3","f0 9f 90 b3"
"697","SQUARED CJK UNIFIED IDEOGRAPH-5272 ","🈹","F0 9F 88 B9","<ed><a0><bc><ed><b8><b9>","f0 9f 88 b9","f0 9f 88 b9"
"698","SQUARED CJK UNIFIED IDEOGRAPH-5408 ","🈴","F0 9F 88 B4","<ed><a0><bc><ed><b8><b4>","f0 9f 88 b4","f0 9f 88 b4"
"699","SQUARED CJK UNIFIED IDEOGRAPH-55B6 ","🈺","F0 9F 88 BA","<ed><a0><bc><ed><b8><ba>","f0 9f 88 ba","f0 9f 88 ba"
"700","SQUARED CJK UNIFIED IDEOGRAPH-6307 ","🈯","F0 9F 88 AF","<ed><a0><bc><ed><b8><af>","f0 9f 88 af","f0 9f 88 af"
"701","SQUARED CJK UNIFIED IDEOGRAPH-6708 ","🈷","F0 9F 88 B7","<ed><a0><bc><ed><b8><b7>","f0 9f 88 b7","f0 9f 88 b7"
"702","SQUARED CJK UNIFIED IDEOGRAPH-6709 ","🈶","F0 9F 88 B6","<ed><a0><bc><ed><b8><b6>","f0 9f 88 b6","f0 9f 88 b6"
"703","SQUARED CJK UNIFIED IDEOGRAPH-6E80 ","🈵","F0 9F 88 B5","<ed><a0><bc><ed><b8><b5>","f0 9f 88 b5","f0 9f 88 b5"
"704","SQUARED CJK UNIFIED IDEOGRAPH-7121 ","🈚","F0 9F 88 9A","<ed><a0><bc><ed><b8><9a>","f0 9f 88 9a","f0 9f 88 9a"
"705","SQUARED CJK UNIFIED IDEOGRAPH-7533 ","🈸","F0 9F 88 B8","<ed><a0><bc><ed><b8><b8>","f0 9f 88 b8","f0 9f 88 b8"
"706","SQUARED CJK UNIFIED IDEOGRAPH-7981 ","🈲","F0 9F 88 B2","<ed><a0><bc><ed><b8><b2>","f0 9f 88 b2","f0 9f 88 b2"
"707","SQUARED CJK UNIFIED IDEOGRAPH-7A7A ","🈳","F0 9F 88 B3","<ed><a0><bc><ed><b8><b3>","f0 9f 88 b3","f0 9f 88 b3"
"708","SQUARED CL ","🆑","F0 9F 86 91","<ed><a0><bc><ed><b6><91>","f0 9f 86 91","f0 9f 86 91"
"709","SQUARED COOL ","🆒","F0 9F 86 92","<ed><a0><bc><ed><b6><92>","f0 9f 86 92","f0 9f 86 92"
"710","SQUARED FREE ","🆓","F0 9F 86 93","<ed><a0><bc><ed><b6><93>","f0 9f 86 93","f0 9f 86 93"
"711","SQUARED ID ","🆔","F0 9F 86 94","<ed><a0><bc><ed><b6><94>","f0 9f 86 94","f0 9f 86 94"
"712","SQUARED KATAKANA KOKO ","🈁","F0 9F 88 81","<ed><a0><bc><ed><b8><81>","f0 9f 88 81","f0 9f 88 81"
"713","SQUARED KATAKANA SA ","🈂","F0 9F 88 82","<ed><a0><bc><ed><b8><82>","f0 9f 88 82","f0 9f 88 82"
"714","SQUARED NEW ","🆕","F0 9F 86 95","<ed><a0><bc><ed><b6><95>","f0 9f 86 95","f0 9f 86 95"
"715","SQUARED NG ","🆖","F0 9F 86 96","<ed><a0><bc><ed><b6><96>","f0 9f 86 96","f0 9f 86 96"
"716","SQUARED OK ","🆗","F0 9F 86 97","<ed><a0><bc><ed><b6><97>","f0 9f 86 97","f0 9f 86 97"
"717","SQUARED SOS ","🆘","F0 9F 86 98","<ed><a0><bc><ed><b6><98>","f0 9f 86 98","f0 9f 86 98"
"718","SQUARED UP WITH EXCLAMATION MARK ","🆙","F0 9F 86 99","<ed><a0><bc><ed><b6><99>","f0 9f 86 99","f0 9f 86 99"
"719","SQUARED VS ","🆚","F0 9F 86 9A","<ed><a0><bc><ed><b6><9a>","f0 9f 86 9a","f0 9f 86 9a"
"720","STATION ","🚉","F0 9F 9A 89","<ed><a0><bd><ed><ba><89>","f0 9f 9a 89","f0 9f 9a 89"
"721","STATUE OF LIBERTY ","🗽","F0 9F 97 BD","<ed><a0><bd><ed><b7><bd>","f0 9f 97 bd","f0 9f 97 bd"
"722","STEAM LOCOMOTIVE ","🚂","F0 9F 9A 82","<ed><a0><bd><ed><ba><82>","f0 9f 9a 82","f0 9f 9a 82"
"723","STEAMING BOWL ","🍜","F0 9F 8D 9C","<ed><a0><bc><ed><bd><9c>","f0 9f 8d 9c","f0 9f 8d 9c"
"724","STRAIGHT RULER ","📏","F0 9F 93 8F","<ed><a0><bd><ed><b3><8f>","f0 9f 93 8f","f0 9f 93 8f"
"725","STRAWBERRY ","🍓","F0 9F 8D 93","<ed><a0><bc><ed><bd><93>","f0 9f 8d 93","f0 9f 8d 93"
"726","SUN BEHIND CLOUD ","⛅","E2 9B 85","<e2><9b><85>","e2 9b 85","e2 9b 85"
"727","SUN WITH FACE ","🌞","F0 9F 8C 9E","<ed><a0><bc><ed><bc><9e>","f0 9f 8c 9e","f0 9f 8c 9e"
"728","SUNFLOWER ","🌻","F0 9F 8C BB","<ed><a0><bc><ed><bc><bb>","f0 9f 8c bb","f0 9f 8c bb"
"729","SUNRISE ","🌅","F0 9F 8C 85","<ed><a0><bc><ed><bc><85>","f0 9f 8c 85","f0 9f 8c 85"
"730","SUNRISE OVER MOUNTAINS ","🌄","F0 9F 8C 84","<ed><a0><bc><ed><bc><84>","f0 9f 8c 84","f0 9f 8c 84"
"731","SUNSET OVER BUILDINGS ","🌇","F0 9F 8C 87","<ed><a0><bc><ed><bc><87>","f0 9f 8c 87","f0 9f 8c 87"
"732","SURFER ","🏄","F0 9F 8F 84","<ed><a0><bc><ed><bf><84>","f0 9f 8f 84","f0 9f 8f 84"
"733","SUSHI ","🍣","F0 9F 8D A3","<ed><a0><bc><ed><bd><a3>","f0 9f 8d a3","f0 9f 8d a3"
"734","SUSPENSION RAILWAY ","🚟","F0 9F 9A 9F","<ed><a0><bd><ed><ba><9f>","f0 9f 9a 9f","f0 9f 9a 9f"
"735","SWIMMER ","🏊","F0 9F 8F 8A","<ed><a0><bc><ed><bf><8a>","f0 9f 8f 8a","f0 9f 8f 8a"
"736","SYRINGE ","💉","F0 9F 92 89","<ed><a0><bd><ed><b2><89>","f0 9f 92 89","f0 9f 92 89"
"737","T-SHIRT ","👕","F0 9F 91 95","<ed><a0><bd><ed><b1><95>","f0 9f 91 95","f0 9f 91 95"
"738","TANABATA TREE ","🎋","F0 9F 8E 8B","<ed><a0><bc><ed><be><8b>","f0 9f 8e 8b","f0 9f 8e 8b"
"739","TANGERINE ","🍊","F0 9F 8D 8A","<ed><a0><bc><ed><bd><8a>","f0 9f 8d 8a","f0 9f 8d 8a"
"740","TAURUS ","♉","E2 99 89","<e2><99><89>","e2 99 89","e2 99 89"
"741","TAXI ","🚕","F0 9F 9A 95","<ed><a0><bd><ed><ba><95>","f0 9f 9a 95","f0 9f 9a 95"
"742","TEACUP WITHOUT HANDLE ","🍵","F0 9F 8D B5","<ed><a0><bc><ed><bd><b5>","f0 9f 8d b5","f0 9f 8d b5"
"743","TEAR-OFF CALENDAR ","📆","F0 9F 93 86","<ed><a0><bd><ed><b3><86>","f0 9f 93 86","f0 9f 93 86"
"744","TELEPHONE RECEIVER ","📞","F0 9F 93 9E","<ed><a0><bd><ed><b3><9e>","f0 9f 93 9e","f0 9f 93 9e"
"745","TELESCOPE ","🔭","F0 9F 94 AD","<ed><a0><bd><ed><b4><ad>","f0 9f 94 ad","f0 9f 94 ad"
"746","TELEVISION ","📺","F0 9F 93 BA","<ed><a0><bd><ed><b3><ba>","f0 9f 93 ba","f0 9f 93 ba"
"747","TENNIS RACQUET AND BALL ","🎾","F0 9F 8E BE","<ed><a0><bc><ed><be><be>","f0 9f 8e be","f0 9f 8e be"
"748","TENT ","⛺","E2 9B BA","<e2><9b><ba>","e2 9b ba","e2 9b ba"
"749","THOUGHT BALLOON ","💭","F0 9F 92 AD","<ed><a0><bd><ed><b2><ad>","f0 9f 92 ad","f0 9f 92 ad"
"750","THUMBS DOWN SIGN ","👎","F0 9F 91 8E","<ed><a0><bd><ed><b1><8e>","f0 9f 91 8e","f0 9f 91 8e"
"751","THUMBS UP SIGN ","👍","F0 9F 91 8D","<ed><a0><bd><ed><b1><8d>","f0 9f 91 8d","f0 9f 91 8d"
"752","TICKET ","🎫","F0 9F 8E AB","<ed><a0><bc><ed><be><ab>","f0 9f 8e ab","f0 9f 8e ab"
"753","TIGER ","🐅","F0 9F 90 85","<ed><a0><bd><ed><b0><85>","f0 9f 90 85","f0 9f 90 85"
"754","TIGER FACE ","🐯","F0 9F 90 AF","<ed><a0><bd><ed><b0><af>","f0 9f 90 af","f0 9f 90 af"
"755","TIRED FACE ","😫","F0 9F 98 AB","<ed><a0><bd><ed><b8><ab>","f0 9f 98 ab","f0 9f 98 ab"
"756","TOILET ","🚽","F0 9F 9A BD","<ed><a0><bd><ed><ba><bd>","f0 9f 9a bd","f0 9f 9a bd"
"757","TOKYO TOWER ","🗼","F0 9F 97 BC","<ed><a0><bd><ed><b7><bc>","f0 9f 97 bc","f0 9f 97 bc"
"758","TOMATO ","🍅","F0 9F 8D 85","<ed><a0><bc><ed><bd><85>","f0 9f 8d 85","f0 9f 8d 85"
"759","TONGUE ","👅","F0 9F 91 85","<ed><a0><bd><ed><b1><85>","f0 9f 91 85","f0 9f 91 85"
"760","TOP HAT ","🎩","F0 9F 8E A9","<ed><a0><bc><ed><be><a9>","f0 9f 8e a9","f0 9f 8e a9"
"761","TOP WITH UPWARDS ARROW ABOVE ","🔝","F0 9F 94 9D","<ed><a0><bd><ed><b4><9d>","f0 9f 94 9d","f0 9f 94 9d"
"762","TRACTOR ","🚜","F0 9F 9A 9C","<ed><a0><bd><ed><ba><9c>","f0 9f 9a 9c","f0 9f 9a 9c"
"763","TRADE MARK SIGN ","™","E2 84 A2","<e2><84><a2>","e2 84 a2","e2 84 a2"
"764","TRAIN ","🚆","F0 9F 9A 86","<ed><a0><bd><ed><ba><86>","f0 9f 9a 86","f0 9f 9a 86"
"765","TRAM ","🚊","F0 9F 9A 8A","<ed><a0><bd><ed><ba><8a>","f0 9f 9a 8a","f0 9f 9a 8a"
"766","TRIANGULAR FLAG ON POST ","🚩","F0 9F 9A A9","<ed><a0><bd><ed><ba><a9>","f0 9f 9a a9","f0 9f 9a a9"
"767","TRIANGULAR RULER ","📐","F0 9F 93 90","<ed><a0><bd><ed><b3><90>","f0 9f 93 90","f0 9f 93 90"
"768","TRIDENT EMBLEM ","🔱","F0 9F 94 B1","<ed><a0><bd><ed><b4><b1>","f0 9f 94 b1","f0 9f 94 b1"
"769","TROLLEYBUS ","🚎","F0 9F 9A 8E","<ed><a0><bd><ed><ba><8e>","f0 9f 9a 8e","f0 9f 9a 8e"
"770","TROPHY ","🏆","F0 9F 8F 86","<ed><a0><bc><ed><bf><86>","f0 9f 8f 86","f0 9f 8f 86"
"771","TROPICAL DRINK ","🍹","F0 9F 8D B9","<ed><a0><bc><ed><bd><b9>","f0 9f 8d b9","f0 9f 8d b9"
"772","TROPICAL FISH ","🐠","F0 9F 90 A0","<ed><a0><bd><ed><b0><a0>","f0 9f 90 a0","f0 9f 90 a0"
"773","TRUMPET ","🎺","F0 9F 8E BA","<ed><a0><bc><ed><be><ba>","f0 9f 8e ba","f0 9f 8e ba"
"774","TULIP ","🌷","F0 9F 8C B7","<ed><a0><bc><ed><bc><b7>","f0 9f 8c b7","f0 9f 8c b7"
"775","TURTLE ","🐢","F0 9F 90 A2","<ed><a0><bd><ed><b0><a2>","f0 9f 90 a2","f0 9f 90 a2"
"776","TWISTED RIGHTWARDS ARROWS ","🔀","F0 9F 94 80","<ed><a0><bd><ed><b4><80>","f0 9f 94 80","f0 9f 94 80"
"777","TWO HEARTS ","💕","F0 9F 92 95","<ed><a0><bd><ed><b2><95>","f0 9f 92 95","f0 9f 92 95"
"778","TWO MEN HOLDING HANDS ","👬","F0 9F 91 AC","<ed><a0><bd><ed><b1><ac>","f0 9f 91 ac","f0 9f 91 ac"
"779","TWO WOMEN HOLDING HANDS ","👭","F0 9F 91 AD","<ed><a0><bd><ed><b1><ad>","f0 9f 91 ad","f0 9f 91 ad"
"780","UMBRELLA WITH RAIN DROPS ","☔","E2 98 94","<e2><98><94>","e2 98 94","e2 98 94"
"781","UNAMUSED FACE ","😒","F0 9F 98 92","<ed><a0><bd><ed><b8><92>","f0 9f 98 92","f0 9f 98 92"
"782","UP DOWN ARROW ","↕","E2 86 95","<e2><86><95>","e2 86 95","e2 86 95"
"783","UP-POINTING RED TRIANGLE ","🔺","F0 9F 94 BA","<ed><a0><bd><ed><b4><ba>","f0 9f 94 ba","f0 9f 94 ba"
"784","UP-POINTING SMALL RED TRIANGLE ","🔼","F0 9F 94 BC","<ed><a0><bd><ed><b4><bc>","f0 9f 94 bc","f0 9f 94 bc"
"785","UPWARDS BLACK ARROW ","⬆","E2 AC 86","<e2><ac><86>","e2 ac 86","e2 ac 86"
"786","VERTICAL TRAFFIC LIGHT ","🚦","F0 9F 9A A6","<ed><a0><bd><ed><ba><a6>","f0 9f 9a a6","f0 9f 9a a6"
"787","VIBRATION MODE ","📳","F0 9F 93 B3","<ed><a0><bd><ed><b3><b3>","f0 9f 93 b3","f0 9f 93 b3"
"788","VICTORY HAND ","✌","E2 9C 8C","<e2><9c><8c>","e2 9c 8c","e2 9c 8c"
"789","VIDEO CAMERA ","📹","F0 9F 93 B9","<ed><a0><bd><ed><b3><b9>","f0 9f 93 b9","f0 9f 93 b9"
"790","VIDEO GAME ","🎮","F0 9F 8E AE","<ed><a0><bc><ed><be><ae>","f0 9f 8e ae","f0 9f 8e ae"
"791","VIDEOCASSETTE ","📼","F0 9F 93 BC","<ed><a0><bd><ed><b3><bc>","f0 9f 93 bc","f0 9f 93 bc"
"792","VIOLIN ","🎻","F0 9F 8E BB","<ed><a0><bc><ed><be><bb>","f0 9f 8e bb","f0 9f 8e bb"
"793","VIRGO ","♍","E2 99 8D","<e2><99><8d>","e2 99 8d","e2 99 8d"
"794","VOLCANO ","🌋","F0 9F 8C 8B","<ed><a0><bc><ed><bc><8b>","f0 9f 8c 8b","f0 9f 8c 8b"
"795","WANING CRESCENT MOON SYMBOL ","🌘","F0 9F 8C 98","<ed><a0><bc><ed><bc><98>","f0 9f 8c 98","f0 9f 8c 98"
"796","WANING GIBBOUS MOON SYMBOL ","🌖","F0 9F 8C 96","<ed><a0><bc><ed><bc><96>","f0 9f 8c 96","f0 9f 8c 96"
"797","WARNING SIGN ","⚠","E2 9A A0","<e2><9a><a0>","e2 9a a0","e2 9a a0"
"798","WATCH ","⌚","E2 8C 9A","<e2><8c><9a>","e2 8c 9a","e2 8c 9a"
"799","WATER BUFFALO ","🐃","F0 9F 90 83","<ed><a0><bd><ed><b0><83>","f0 9f 90 83","f0 9f 90 83"
"800","WATER CLOSET ","🚾","F0 9F 9A BE","<ed><a0><bd><ed><ba><be>","f0 9f 9a be","f0 9f 9a be"
"801","WATER WAVE ","🌊","F0 9F 8C 8A","<ed><a0><bc><ed><bc><8a>","f0 9f 8c 8a","f0 9f 8c 8a"
"802","WATERMELON ","🍉","F0 9F 8D 89","<ed><a0><bc><ed><bd><89>","f0 9f 8d 89","f0 9f 8d 89"
"803","WAVING HAND SIGN ","👋","F0 9F 91 8B","<ed><a0><bd><ed><b1><8b>","f0 9f 91 8b","f0 9f 91 8b"
"804","WAVY DASH ","〰","E3 80 B0","<e3><80><b0>","e3 80 b0","e3 80 b0"
"805","WAXING CRESCENT MOON SYMBOL ","🌒","F0 9F 8C 92","<ed><a0><bc><ed><bc><92>","f0 9f 8c 92","f0 9f 8c 92"
"806","WAXING GIBBOUS MOON SYMBOL ","🌔","F0 9F 8C 94","<ed><a0><bc><ed><bc><94>","f0 9f 8c 94","f0 9f 8c 94"
"807","WEARY CAT FACE ","🙀","F0 9F 99 80","<ed><a0><bd><ed><b9><80>","f0 9f 99 80","f0 9f 99 80"
"808","WEARY FACE ","😩","F0 9F 98 A9","<ed><a0><bd><ed><b8><a9>","f0 9f 98 a9","f0 9f 98 a9"
"809","WEDDING ","💒","F0 9F 92 92","<ed><a0><bd><ed><b2><92>","f0 9f 92 92","f0 9f 92 92"
"810","WHALE ","🐋","F0 9F 90 8B","<ed><a0><bd><ed><b0><8b>","f0 9f 90 8b","f0 9f 90 8b"
"811","WHEELCHAIR SYMBOL ","♿","E2 99 BF","<e2><99><bf>","e2 99 bf","e2 99 bf"
"812","WHITE DOWN POINTING BACKHAND INDEX ","👇","F0 9F 91 87","<ed><a0><bd><ed><b1><87>","f0 9f 91 87","f0 9f 91 87"
"813","WHITE EXCLAMATION MARK ORNAMENT ","❕","E2 9D 95","<e2><9d><95>","e2 9d 95","e2 9d 95"
"814","WHITE FLOWER ","💮","F0 9F 92 AE","<ed><a0><bd><ed><b2><ae>","f0 9f 92 ae","f0 9f 92 ae"
"815","WHITE HEAVY CHECK MARK ","✅","E2 9C 85","<e2><9c><85>","e2 9c 85","e2 9c 85"
"816","WHITE LARGE SQUARE ","⬜","E2 AC 9C","<e2><ac><9c>","e2 ac 9c","e2 ac 9c"
"817","WHITE LEFT POINTING BACKHAND INDEX ","👈","F0 9F 91 88","<ed><a0><bd><ed><b1><88>","f0 9f 91 88","f0 9f 91 88"
"818","WHITE MEDIUM SMALL SQUARE ","◽","E2 97 BD","<e2><97><bd>","e2 97 bd","e2 97 bd"
"819","WHITE MEDIUM SQUARE ","◻","E2 97 BB","<e2><97><bb>","e2 97 bb","e2 97 bb"
"820","WHITE MEDIUM STAR ","⭐","E2 AD 90","<e2><ad><90>","e2 ad 90","e2 ad 90"
"821","WHITE QUESTION MARK ORNAMENT ","❔","E2 9D 94","<e2><9d><94>","e2 9d 94","e2 9d 94"
"822","WHITE RIGHT POINTING BACKHAND INDEX ","👉","F0 9F 91 89","<ed><a0><bd><ed><b1><89>","f0 9f 91 89","f0 9f 91 89"
"823","WHITE SMALL SQUARE ","▫","E2 96 AB","<e2><96><ab>","e2 96 ab","e2 96 ab"
"824","WHITE SMILING FACE ","☺","E2 98 BA","<e2><98><ba>","e2 98 ba","e2 98 ba"
"825","WHITE SQUARE BUTTON ","🔳","F0 9F 94 B3","<ed><a0><bd><ed><b4><b3>","f0 9f 94 b3","f0 9f 94 b3"
"826","WHITE UP POINTING BACKHAND INDEX ","👆","F0 9F 91 86","<ed><a0><bd><ed><b1><86>","f0 9f 91 86","f0 9f 91 86"
"827","WHITE UP POINTING INDEX ","☝","E2 98 9D","<e2><98><9d>","e2 98 9d","e2 98 9d"
"828","WIND CHIME ","🎐","F0 9F 8E 90","<ed><a0><bc><ed><be><90>","f0 9f 8e 90","f0 9f 8e 90"
"829","WINE GLASS ","🍷","F0 9F 8D B7","<ed><a0><bc><ed><bd><b7>","f0 9f 8d b7","f0 9f 8d b7"
"830","WINKING FACE ","😉","F0 9F 98 89","<ed><a0><bd><ed><b8><89>","f0 9f 98 89","f0 9f 98 89"
"831","WOLF FACE ","🐺","F0 9F 90 BA","<ed><a0><bd><ed><b0><ba>","f0 9f 90 ba","f0 9f 90 ba"
"832","WOMAN ","👩","F0 9F 91 A9","<ed><a0><bd><ed><b1><a9>","f0 9f 91 a9","f0 9f 91 a9"
"833","WOMAN WITH BUNNY EARS ","👯","F0 9F 91 AF","<ed><a0><bd><ed><b1><af>","f0 9f 91 af","f0 9f 91 af"
"834","WOMANS BOOTS ","👢","F0 9F 91 A2","<ed><a0><bd><ed><b1><a2>","f0 9f 91 a2","f0 9f 91 a2"
"835","WOMANS CLOTHES ","👚","F0 9F 91 9A","<ed><a0><bd><ed><b1><9a>","f0 9f 91 9a","f0 9f 91 9a"
"836","WOMANS HAT ","👒","F0 9F 91 92","<ed><a0><bd><ed><b1><92>","f0 9f 91 92","f0 9f 91 92"
"837","WOMANS SANDAL ","👡","F0 9F 91 A1","<ed><a0><bd><ed><b1><a1>","f0 9f 91 a1","f0 9f 91 a1"
"838","WOMENS SYMBOL ","🚺","F0 9F 9A BA","<ed><a0><bd><ed><ba><ba>","f0 9f 9a ba","f0 9f 9a ba"
"839","WORRIED FACE ","😟","F0 9F 98 9F","<ed><a0><bd><ed><b8><9f>","f0 9f 98 9f","f0 9f 98 9f"
"840","WRAPPED PRESENT ","🎁","F0 9F 8E 81","<ed><a0><bc><ed><be><81>","f0 9f 8e 81","f0 9f 8e 81"
"841","WRENCH ","🔧","F0 9F 94 A7","<ed><a0><bd><ed><b4><a7>","f0 9f 94 a7","f0 9f 94 a7"
"842","YELLOW HEART ","💛","F0 9F 92 9B","<ed><a0><bd><ed><b2><9b>","f0 9f 92 9b","f0 9f 92 9b"
